Subject,ID,LOC1_Q1,LOC1_Q2,LOC1_Q3,LOC1_Q4,LOC1_Q5,LOC1_Q6,LOC1_Q7,LOC1_Q8,LOC1_Q9,LOC1_Q10,LOC1_Q11,LOC1_Q12,LOC1_Q13,LOC1_straightlining,LOC1_zigzagging,LOC2_Q1,LOC2_Q2,LOC2_Q3,LOC2_Q4,LOC2_Q5,LOC2_Q6,LOC2_Q7,LOC2_Q8,LOC2_Q9,LOC2_Q10,LOC2_Q11,LOC2_Q12,LOC2_Q13,LOC2_straightlining,LOC2_zigzagging,IUS_Q1,IUS_Q2,IUS_Q3,IUS_Q4,IUS_Q5,IUS_Q6,IUS_Q7,IUS_Q8,IUS_Q9,IUS_Q10,IUS_Q11,IUS_Q12,IUS_Q13,IUS_straightlining,IUS_zigzagging,age,gender,gender-free-response,sex,sex-free-response,education,mental-demand,task-instructions,performance,effort,strategy,feedback
1,0291yns1bxhcl5xhqez3larr,5.0,3.0,1.0,5.0,2.0,4.0,2.0,1.0,2.0,1.0,3.0,1.0,3.0,0.3076923076923077,0.25,1.0,2.0,3.0,3.0,2.0,3.0,4.0,3.0,1.0,3.0,2.0,5.0,3.0,0.46153846153846156,0.5833333333333334,3.0,4.0,2.0,4.0,4.0,2.0,1.0,4.0,4.0,4.0,3.0,4.0,3.0,0.5384615384615384,0.4166666666666667,37,Woman,,Female,,Master degree or higher,5,5,5,5,Yes i was being very swift checking the boxes and calculating the postion of the coin in my head.,"Its a very good survey, i enjoyed participating in it."
2,07a9vu8osjjrrgu809sm65sw,5.0,1.0,0.0,5.0,4.0,5.0,1.0,1.0,4.0,1.0,4.0,0.0,1.0,0.38461538461538464,0.3333333333333333,0.0,0.0,0.0,0.0,0.0,3.0,0.0,0.0,0.0,5.0,0.0,4.0,0.0,0.7692307692307693,0.0,2.0,3.0,0.0,2.0,0.0,0.0,0.0,4.0,1.0,1.0,0.0,4.0,2.0,0.38461538461538464,0.16666666666666666,24,Woman,,Female,,Master degree or higher,0,3,3,2,,
3,0ckb0l9nuvurj5d3m6qvngzv,3.0,4.0,3.0,5.0,3.0,4.0,4.0,1.0,4.0,4.0,3.0,2.0,3.0,0.38461538461538464,0.5,4.0,4.0,3.0,2.0,1.0,3.0,4.0,1.0,0.0,4.0,2.0,4.0,1.0,0.38461538461538464,0.4166666666666667,1.0,3.0,2.0,3.0,1.0,0.0,0.0,4.0,1.0,2.0,0.0,1.0,0.0,0.3076923076923077,0.5,45,Man,,Male,,Bachelor degree,1,4,3,3,Chose one with most actions focusing mostly on the actions with least individual outcomes,
4,0sbbm8euq6s2vo9qjcbi6yi7,5.0,2.0,0.0,5.0,4.0,5.0,0.0,4.0,0.0,4.0,4.0,0.0,4.0,0.38461538461538464,0.16666666666666666,2.0,3.0,2.0,4.0,2.0,3.0,4.0,4.0,4.0,5.0,1.0,5.0,3.0,0.3076923076923077,0.4166666666666667,0.0,0.0,0.0,2.0,1.0,0.0,2.0,4.0,2.0,1.0,1.0,3.0,4.0,0.3076923076923077,0.3333333333333333,20,Woman,,Female,,Bachelor degree,5,5,5,5,knowledge ,this is so comfortable for me 
5,0vk905kmoq7i6cv9xiuple8i,4.0,4.0,3.0,5.0,3.0,4.0,2.0,3.0,4.0,3.0,3.0,3.0,3.0,0.5384615384615384,0.4166666666666667,3.0,2.0,3.0,4.0,0.0,3.0,3.0,3.0,0.0,2.0,2.0,3.0,3.0,0.5384615384615384,0.3333333333333333,2.0,3.0,2.0,3.0,1.0,1.0,1.0,4.0,2.0,1.0,3.0,4.0,3.0,0.3076923076923077,0.5,35,Man,,Male,,Some college,2,5,3,2,"Always choose 8 position, prefer no RNG position when similar, when small coverage move to RNG proposal for bigger cover",
6,213mm10utzym6f0s6f7x6xwp,4.0,2.0,4.0,5.0,3.0,3.0,3.0,1.0,4.0,0.0,4.0,4.0,3.0,0.38461538461538464,0.16666666666666666,2.0,3.0,3.0,3.0,3.0,3.0,3.0,4.0,0.0,5.0,4.0,4.0,1.0,0.46153846153846156,0.25,3.0,3.0,3.0,3.0,4.0,3.0,4.0,4.0,3.0,3.0,3.0,3.0,3.0,0.7692307692307693,0.3333333333333333,41,Woman,,Female,,High school,4,4,3,5,,
7,26sovl3txsqxehunvg0442co,4.0,1.0,3.0,5.0,3.0,4.0,1.0,1.0,3.0,4.0,2.0,1.0,3.0,0.3076923076923077,0.25,3.0,1.0,3.0,2.0,1.0,3.0,4.0,2.0,1.0,5.0,3.0,5.0,1.0,0.3076923076923077,0.3333333333333333,3.0,3.0,2.0,3.0,2.0,1.0,2.0,4.0,3.0,2.0,1.0,3.0,2.0,0.38461538461538464,0.75,35,Woman,,Female,,Bachelor degree,2,4,4,2,"No, I was keen to get the option with the highest probability.",
8,2b1jqes6ca6rtk4gdwao2090,2.0,4.0,4.0,5.0,NaN,4.0,5.0,4.0,4.0,5.0,2.0,3.0,4.0,0.46153846153846156,0.5833333333333334,4.0,3.0,4.0,4.0,5.0,3.0,5.0,2.0,0.0,5.0,4.0,3.0,3.0,0.3076923076923077,0.4166666666666667,3.0,4.0,3.0,2.0,3.0,4.0,3.0,4.0,4.0,3.0,4.0,4.0,4.0,0.5384615384615384,0.75,25,Man,,Male,,Associate degree,0,5,4,3,,
9,2ccjm7k1u8amw3olh0zjqddq,5.0,2.0,1.0,4.0,3.0,3.0,3.0,2.0,2.0,1.0,3.0,2.0,2.0,0.38461538461538464,0.4166666666666667,4.0,2.0,3.0,3.0,1.0,2.0,2.0,3.0,1.0,4.0,4.0,3.0,4.0,0.3076923076923077,0.4166666666666667,3.0,3.0,3.0,4.0,3.0,1.0,4.0,4.0,3.0,3.0,3.0,4.0,2.0,0.5384615384615384,0.3333333333333333,39,Woman,,Female,,Some college,4,4,3,3,no,no
10,3k2x6blm7x3xoenhdn9ymwrk,5.0,0.0,0.0,5.0,1.0,5.0,1.0,2.0,1.0,4.0,2.0,0.0,NaN,0.23076923076923078,0.25,0.0,1.0,0.0,0.0,0.0,2.0,4.0,NaN,0.0,5.0,0.0,5.0,NaN,0.46153846153846156,0.3333333333333333,4.0,4.0,3.0,3.0,4.0,3.0,3.0,4.0,4.0,2.0,1.0,4.0,4.0,0.5384615384615384,0.4166666666666667,37,Woman,,Female,,High school,0,5,3,5,No i just followed instructions,no
11,3k8oeln5g8ttclyabh645vi7,5.0,4.0,4.0,5.0,5.0,5.0,5.0,1.0,5.0,5.0,5.0,3.0,3.0,0.6153846153846154,0.16666666666666666,5.0,5.0,5.0,5.0,5.0,5.0,5.0,4.0,1.0,5.0,5.0,5.0,5.0,0.8461538461538461,0.08333333333333333,3.0,3.0,2.0,3.0,2.0,3.0,3.0,4.0,4.0,4.0,4.0,4.0,4.0,0.46153846153846156,0.4166666666666667,28,Man,,Male,,Master degree or higher,5,5,4,5,"Yes, followed instructions",N/A
12,3kklwa111lisjtbv5802ymf9,3.0,2.0,3.0,5.0,3.0,4.0,3.0,3.0,3.0,4.0,3.0,3.0,2.0,0.6153846153846154,0.5833333333333334,2.0,2.0,3.0,3.0,4.0,3.0,4.0,3.0,0.0,4.0,3.0,5.0,3.0,0.46153846153846156,0.5,3.0,3.0,2.0,3.0,3.0,2.0,2.0,4.0,3.0,2.0,1.0,3.0,2.0,0.46153846153846156,0.5833333333333334,29,Man,,Male,,Bachelor degree,1,4,4,2,not at all,no
13,3x05wfuafhlreb3nc364pkal,4.0,2.0,2.0,5.0,3.0,3.0,1.0,2.0,3.0,3.0,3.0,1.0,2.0,0.38461538461538464,0.25,2.0,2.0,4.0,2.0,2.0,4.0,4.0,2.0,0.0,3.0,3.0,5.0,2.0,0.46153846153846156,0.0,3.0,3.0,2.0,2.0,3.0,2.0,3.0,4.0,3.0,3.0,3.0,2.0,2.0,0.5384615384615384,0.5833333333333334,51,Woman,,Female,,Some college,3,4,4,3,,
14,430jmdihboype0azf2i780xo,2.0,5.0,4.0,5.0,3.0,3.0,4.0,3.0,5.0,4.0,5.0,4.0,3.0,0.3076923076923077,0.6666666666666666,3.0,1.0,3.0,1.0,1.0,3.0,3.0,1.0,0.0,2.0,4.0,4.0,3.0,0.38461538461538464,0.16666666666666666,2.0,2.0,3.0,3.0,3.0,2.0,3.0,3.0,3.0,2.0,3.0,3.0,1.0,0.6153846153846154,0.4166666666666667,28,Man,,Male,,High school,2,4,4,2,"Not really, I just looked at the two options, said ""Uhh, I think that one is better???"" and then just picked it. Theoretically, it is possible to determine the mathmatical probability of each possible choice being successful, but there's no time for that here.",
15,45k5z94g4iakwnfnd9tq9yva,4.0,1.0,0.0,5.0,3.0,5.0,1.0,0.0,2.0,5.0,1.0,0.0,1.0,0.3076923076923077,0.3333333333333333,0.0,1.0,0.0,1.0,0.0,4.0,4.0,2.0,0.0,4.0,0.0,4.0,0.0,0.46153846153846156,0.3333333333333333,0.0,1.0,0.0,1.0,0.0,0.0,1.0,4.0,1.0,1.0,0.0,2.0,1.0,0.46153846153846156,0.5833333333333334,57,Woman,,Female,,Master degree or higher,3,5,2,4,I tried to pick the one room with the most certain actions,That was a fun challenge!
16,4bfyap7mqqhjn48u7dfvzrny,5.0,2.0,3.0,5.0,2.0,4.0,1.0,1.0,2.0,3.0,3.0,2.0,2.0,0.38461538461538464,0.3333333333333333,2.0,3.0,3.0,3.0,4.0,3.0,4.0,3.0,0.0,4.0,2.0,5.0,4.0,0.38461538461538464,0.5,1.0,2.0,0.0,3.0,1.0,0.0,2.0,4.0,2.0,0.0,0.0,3.0,1.0,0.3076923076923077,0.16666666666666666,32,Man,,Male,,Bachelor degree,1,5,4,3,I analyzed the room and chose the room that would allow more flexibility when moving,I experienced no technical difficulties
17,4dh0c7hshdxuo0r6aivrb203,2.0,3.0,3.0,5.0,3.0,3.0,3.0,1.0,4.0,4.0,3.0,3.0,2.0,0.5384615384615384,0.25,4.0,2.0,2.0,2.0,2.0,2.0,3.0,3.0,NaN,2.0,3.0,2.0,2.0,0.6153846153846154,0.25,4.0,4.0,2.0,2.0,2.0,2.0,2.0,4.0,2.0,2.0,2.0,1.0,1.0,0.6153846153846154,0.08333333333333333,35,Man,,Male,,Some college,2,5,5,2,,
18,4qp9k15t0gx95ns80qbebmlw,5.0,0.0,0.0,5.0,0.0,4.0,0.0,1.0,3.0,3.0,3.0,0.0,5.0,0.38461538461538464,0.08333333333333333,3.0,0.0,0.0,1.0,0.0,3.0,4.0,0.0,0.0,5.0,0.0,5.0,4.0,0.46153846153846156,0.3333333333333333,3.0,3.0,2.0,2.0,1.0,4.0,4.0,3.0,4.0,3.0,1.0,4.0,1.0,0.3076923076923077,0.4166666666666667,24,Woman,,Female,,Bachelor degree,4,5,4,1,"yes, i avoided a room which had more unreachable rooms",no comment
19,5z2t8pj9tzw2eqp8be917apb,5.0,1.0,4.0,5.0,4.0,5.0,5.0,0.0,5.0,4.0,5.0,3.0,5.0,0.5384615384615384,0.4166666666666667,NaN,NaN,NaN,NaN,NaN,NaN,NaN,NaN,NaN,NaN,NaN,NaN,NaN,1.0,0.0,NaN,NaN,NaN,NaN,NaN,NaN,NaN,NaN,NaN,NaN,NaN,NaN,NaN,1.0,0.0,23,Man,,Male,,Some college,5,1,2,3,,
20,60yi516ynj1ne7nd5ed4n6dg,3.0,2.0,2.0,5.0,3.0,3.0,2.0,3.0,2.0,2.0,3.0,1.0,2.0,0.46153846153846156,0.5,3.0,2.0,2.0,1.0,1.0,4.0,3.0,2.0,0.0,3.0,1.0,4.0,1.0,0.3076923076923077,0.3333333333333333,1.0,2.0,1.0,2.0,1.0,1.0,1.0,4.0,3.0,3.0,2.0,2.0,1.0,0.46153846153846156,0.5833333333333334,37,Woman,,Female,,Bachelor degree,2,4,4,2,No,
21,62arl7elzutbylaktl4xvpcm,5.0,2.0,0.0,5.0,3.0,4.0,2.0,2.0,3.0,0.0,4.0,0.0,1.0,0.23076923076923078,0.25,1.0,4.0,0.0,0.0,0.0,3.0,3.0,2.0,0.0,5.0,0.0,4.0,0.0,0.46153846153846156,0.08333333333333333,3.0,3.0,2.0,4.0,4.0,2.0,1.0,4.0,4.0,2.0,1.0,3.0,1.0,0.3076923076923077,0.25,24,Woman,,Female,,Bachelor degree,1,3,5,0,no,no comment
22,6lkvhib6rypihok3p6h1pmzs,3.0,3.0,2.0,5.0,3.0,3.0,2.0,3.0,2.0,2.0,3.0,2.0,2.0,0.46153846153846156,0.5,2.0,2.0,2.0,4.0,2.0,3.0,3.0,3.0,0.0,3.0,2.0,3.0,2.0,0.46153846153846156,0.3333333333333333,2.0,2.0,2.0,2.0,2.0,2.0,2.0,4.0,2.0,2.0,1.0,2.0,2.0,0.8461538461538461,0.16666666666666666,26,Woman,,Female,,Bachelor degree,1,5,5,2,maximize probability of getting coins,
23,6zanrlxf63llr5uk42xwe17e,4.0,4.0,4.0,5.0,5.0,5.0,5.0,5.0,3.0,3.0,2.0,1.0,1.0,0.38461538461538464,0.25,2.0,2.0,1.0,1.0,1.0,1.0,4.0,1.0,0.0,4.0,3.0,3.0,2.0,0.38461538461538464,0.3333333333333333,2.0,2.0,1.0,1.0,1.0,1.0,1.0,4.0,4.0,3.0,2.0,3.0,1.0,0.46153846153846156,0.3333333333333333,49,Woman,,Female,,Master degree or higher,0,5,4,1,Yes,No
24,8hgl3vnkj7yqrd775li3dv5b,5.0,3.0,3.0,5.0,2.0,5.0,3.0,3.0,3.0,4.0,3.0,1.0,3.0,0.5384615384615384,0.16666666666666666,2.0,3.0,3.0,4.0,1.0,3.0,4.0,3.0,2.0,5.0,3.0,5.0,1.0,0.38461538461538464,0.4166666666666667,2.0,3.0,2.0,3.0,3.0,1.0,2.0,4.0,3.0,2.0,1.0,3.0,3.0,0.46153846153846156,0.5833333333333334,22,Man,,Male,,Associate degree,3,5,5,5,i used options with more end points.,
25,91e16jgrdhb4w2r95d9t1177,3.0,3.0,3.0,4.0,3.0,3.0,3.0,1.0,4.0,3.0,3.0,3.0,1.0,0.6923076923076923,0.25,3.0,1.0,3.0,3.0,4.0,3.0,3.0,1.0,1.0,4.0,3.0,4.0,1.0,0.46153846153846156,0.3333333333333333,2.0,2.0,3.0,2.0,2.0,2.0,2.0,2.0,1.0,2.0,2.0,1.0,2.0,0.7692307692307693,0.5,58,Woman,,Female,,High school,4,4,3,4,i started checking for the most circles :),
26,9nc758v1ozlphsgnv7rxygp7,4.0,2.0,4.0,5.0,4.0,3.0,4.0,3.0,4.0,4.0,3.0,2.0,2.0,0.46153846153846156,0.6666666666666666,2.0,4.0,2.0,4.0,2.0,3.0,4.0,3.0,0.0,3.0,3.0,4.0,3.0,0.38461538461538464,0.4166666666666667,1.0,3.0,1.0,3.0,2.0,1.0,0.0,4.0,3.0,1.0,0.0,2.0,2.0,0.3076923076923077,0.4166666666666667,62,Man,,Male,,Bachelor degree,1,3,4,4,NO,No
27,a8x8eszlmfjh1ojp522uzahg,4.0,2.0,3.0,5.0,3.0,4.0,2.0,1.0,3.0,4.0,3.0,3.0,2.0,0.38461538461538464,0.5,4.0,3.0,3.0,3.0,2.0,4.0,4.0,3.0,0.0,5.0,2.0,4.0,2.0,0.3076923076923077,0.25,3.0,3.0,3.0,3.0,2.0,2.0,3.0,4.0,3.0,3.0,3.0,2.0,2.0,0.6153846153846154,0.4166666666666667,27,Woman,,Female,,Master degree or higher,2,5,4,3,n/a,n/a
28,asxlvfjhlc33o19ov40ts17l,5.0,5.0,5.0,5.0,5.0,5.0,5.0,1.0,4.0,5.0,4.0,5.0,0.0,0.6923076923076923,0.25,0.0,0.0,0.0,0.0,0.0,4.0,4.0,5.0,1.0,5.0,5.0,5.0,1.0,0.38461538461538464,0.08333333333333333,1.0,3.0,0.0,3.0,0.0,0.0,0.0,4.0,3.0,3.0,1.0,3.0,4.0,0.38461538461538464,0.16666666666666666,27,Man,,Male,,Bachelor degree,5,5,4,5,Quickly analysing actions possible actions before time run out,Great study
29,ayz8ow27zu4e62c3f3x6x2tc,5.0,2.0,3.0,5.0,1.0,4.0,3.0,1.0,4.0,1.0,4.0,2.0,1.0,0.3076923076923077,0.25,3.0,2.0,4.0,3.0,2.0,4.0,4.0,3.0,2.0,4.0,3.0,4.0,1.0,0.38461538461538464,0.5833333333333334,3.0,4.0,3.0,3.0,4.0,3.0,3.0,4.0,3.0,4.0,3.0,3.0,3.0,0.6923076923076923,0.6666666666666666,29,Woman,,Female,,Some college,4,5,5,5,Yes ,
30,bo04vo66irwa9ox5evmpiu0c,3.0,4.0,2.0,5.0,5.0,4.0,2.0,4.0,4.0,1.0,4.0,1.0,1.0,0.38461538461538464,0.16666666666666666,4.0,1.0,4.0,2.0,4.0,1.0,2.0,2.0,0.0,2.0,3.0,4.0,4.0,0.38461538461538464,0.25,3.0,3.0,4.0,3.0,3.0,3.0,3.0,3.0,4.0,3.0,4.0,3.0,3.0,0.7692307692307693,0.5,18,Woman,,Female,,High school,1,5,5,4,,
31,but6cpftxymh2t2osj2r4z42,4.0,3.0,3.0,5.0,3.0,5.0,3.0,2.0,3.0,3.0,3.0,3.0,1.0,0.6153846153846154,0.25,3.0,1.0,3.0,1.0,0.0,3.0,5.0,NaN,0.0,5.0,2.0,5.0,0.0,0.23076923076923078,0.25,3.0,4.0,1.0,2.0,NaN,NaN,4.0,4.0,4.0,3.0,1.0,3.0,NaN,0.3076923076923077,0.3333333333333333,30,Man,,Male,,Bachelor degree,3,5,4,1,"sort of, but sometimes i guessed when I was uncertain",no
32,bx2gu3tel4e2491zqe6o4vch,4.0,1.0,5.0,5.0,4.0,5.0,5.0,3.0,2.0,2.0,4.0,2.0,NaN,0.3076923076923077,0.25,3.0,3.0,4.0,NaN,2.0,1.0,5.0,4.0,0.0,4.0,NaN,5.0,2.0,0.23076923076923078,0.3333333333333333,2.0,3.0,3.0,4.0,4.0,3.0,4.0,4.0,3.0,2.0,3.0,4.0,2.0,0.38461538461538464,0.6666666666666666,28,Man,,Male,,Master degree or higher,3,5,5,4,NO,NO
33,c3t12ve2p92hgbzkndft1qkf,4.0,1.0,1.0,5.0,4.0,2.0,4.0,3.0,3.0,4.0,4.0,2.0,4.0,0.46153846153846156,0.25,3.0,4.0,3.0,3.0,3.0,3.0,3.0,2.0,0.0,3.0,3.0,3.0,4.0,0.6923076923076923,0.3333333333333333,1.0,2.0,0.0,2.0,1.0,0.0,0.0,4.0,3.0,1.0,0.0,2.0,2.0,0.3076923076923077,0.4166666666666667,28,Woman,,Female,,Bachelor degree,2,4,3,2,no,no
34,c8bc2sp9ovakjb677biwuwlc,4.0,0.0,2.0,5.0,2.0,5.0,3.0,0.0,1.0,NaN,5.0,0.0,3.0,0.23076923076923078,0.16666666666666666,1.0,0.0,2.0,0.0,0.0,4.0,5.0,NaN,0.0,5.0,0.0,5.0,4.0,0.38461538461538464,0.4166666666666667,1.0,4.0,0.0,3.0,1.0,0.0,0.0,4.0,3.0,3.0,0.0,4.0,3.0,0.3076923076923077,0.25,35,Man,,Male,,Bachelor degree,0,4,4,1,had to choose a room where I can move most because there's more chances of finding gold in that room,no
35,cup1t0ocx7vdcwmcqss6we7r,3.0,1.0,4.0,5.0,4.0,5.0,1.0,0.0,2.0,1.0,2.0,1.0,0.0,0.3076923076923077,0.6666666666666666,1.0,0.0,1.0,0.0,2.0,5.0,4.0,1.0,0.0,5.0,2.0,5.0,2.0,0.23076923076923078,0.4166666666666667,3.0,3.0,0.0,3.0,1.0,0.0,2.0,3.0,3.0,1.0,2.0,2.0,1.0,0.38461538461538464,0.3333333333333333,32,Man,,Male,,Master degree or higher,4,2,3,5,no,no
36,d2fdgjtm7u4sfju8l62phqp5,4.0,3.0,2.0,5.0,4.0,3.0,3.0,3.0,5.0,1.0,4.0,2.0,3.0,0.38461538461538464,0.4166666666666667,3.0,3.0,3.0,4.0,2.0,4.0,4.0,3.0,1.0,3.0,3.0,4.0,3.0,0.5384615384615384,0.3333333333333333,1.0,3.0,1.0,3.0,2.0,2.0,2.0,3.0,3.0,3.0,2.0,2.0,3.0,0.46153846153846156,0.3333333333333333,52,Man,,Male,,Some college,2,4,4,2,No,
37,d5y73iedzdv7nv6yxi5l3mwh,4.0,3.0,2.0,5.0,2.0,4.0,2.0,1.0,1.0,3.0,3.0,1.0,0.0,0.23076923076923078,0.3333333333333333,2.0,2.0,2.0,1.0,1.0,3.0,4.0,1.0,0.0,3.0,1.0,4.0,1.0,0.38461538461538464,0.25,1.0,2.0,1.0,3.0,1.0,0.0,0.0,4.0,2.0,1.0,0.0,2.0,2.0,0.3076923076923077,0.4166666666666667,42,Man,,Male,,Master degree or higher,1,5,3,2,"I had a look at coverage first, and then the amount of concurrent dots in a single action",very interesting game!
38,ddxk6iznnww3ywtqtvpfippg,3.0,3.0,3.0,5.0,0.0,4.0,3.0,2.0,4.0,3.0,3.0,2.0,3.0,0.5384615384615384,0.4166666666666667,5.0,3.0,3.0,3.0,3.0,3.0,3.0,3.0,0.0,3.0,2.0,3.0,1.0,0.6923076923076923,0.16666666666666666,1.0,4.0,2.0,2.0,0.0,0.0,0.0,4.0,3.0,1.0,1.0,0.0,0.0,0.38461538461538464,0.16666666666666666,52,Man,,Male,,Bachelor degree,0,5,5,0,"I initially scanned for most moves possible combined with fewest options per number choice with a room. For example, ideally, you had full certainty over moving to any of the 8 squares. If not possible, a quick decision on best expected outcome. For instance, a room with three certain move options is better than a room with two options that have four possibilities each. ",This was fun
39,dht6hotwo91og90e19himxi0,5.0,1.0,0.0,5.0,1.0,5.0,3.0,1.0,1.0,3.0,4.0,0.0,1.0,0.38461538461538464,0.25,NaN,1.0,0.0,1.0,2.0,4.0,4.0,3.0,2.0,5.0,3.0,5.0,3.0,0.23076923076923078,0.4166666666666667,0.0,2.0,0.0,3.0,1.0,0.0,1.0,4.0,3.0,1.0,0.0,3.0,1.0,0.3076923076923077,0.3333333333333333,32,Woman,,Female,,Master degree or higher,0,5,5,4,"Not really, I tried to analyse the room with more options and how the options were placed",
40,dn2nansj97gctfin7upgr13p,0.0,4.0,4.0,2.0,4.0,3.0,3.0,0.0,1.0,0.0,5.0,3.0,5.0,0.23076923076923078,0.25,0.0,2.0,2.0,1.0,4.0,1.0,2.0,0.0,0.0,1.0,3.0,1.0,1.0,0.38461538461538464,0.25,1.0,2.0,2.0,4.0,2.0,1.0,4.0,4.0,4.0,2.0,4.0,2.0,0.0,0.38461538461538464,0.16666666666666666,21,Man,,Male,,Master degree or higher,1,5,5,2,none,none
41,e1zebu4vjp0qfqddny8d4jom,3.0,3.0,4.0,4.0,3.0,3.0,2.0,2.0,3.0,2.0,3.0,2.0,2.0,0.46153846153846156,0.5833333333333334,3.0,4.0,3.0,3.0,4.0,1.0,4.0,3.0,0.0,4.0,2.0,4.0,2.0,0.38461538461538464,0.3333333333333333,2.0,3.0,2.0,3.0,2.0,3.0,2.0,4.0,3.0,2.0,1.0,3.0,2.0,0.46153846153846156,0.8333333333333334,26,Woman,,Female,,Some college,3,5,3,3,,
42,en92bm5pxc2t1quagibv724f,2.0,4.0,2.0,5.0,0.0,3.0,5.0,2.0,5.0,0.0,3.0,2.0,2.0,0.38461538461538464,0.08333333333333333,5.0,5.0,4.0,2.0,4.0,2.0,2.0,4.0,0.0,3.0,3.0,2.0,3.0,0.3076923076923077,0.25,4.0,4.0,4.0,3.0,4.0,2.0,4.0,4.0,4.0,4.0,3.0,3.0,1.0,0.6153846153846154,0.25,33,Woman,,Female,,High school,0,4,4,4,No strategies,
43,ess4vqrv4nbxxv23nz1cfncg,5.0,2.0,2.0,5.0,2.0,5.0,2.0,1.0,5.0,3.0,3.0,3.0,5.0,0.38461538461538464,0.08333333333333333,3.0,1.0,2.0,2.0,2.0,3.0,3.0,2.0,0.0,3.0,2.0,4.0,3.0,0.38461538461538464,0.4166666666666667,2.0,2.0,3.0,3.0,3.0,3.0,3.0,4.0,2.0,3.0,3.0,3.0,3.0,0.6923076923076923,0.25,21,Man,,Female,,Some college,3,4,4,5,I tried to remember which room would have the gold coin appear most in the 2 rooms.,"None, thank you."
44,euys9bu3h6kdz6nmvwkfnoca,3.0,3.0,4.0,2.0,2.0,3.0,3.0,3.0,3.0,4.0,4.0,4.0,4.0,0.46153846153846156,0.25,3.0,3.0,4.0,4.0,3.0,3.0,3.0,4.0,4.0,3.0,3.0,4.0,4.0,0.5384615384615384,0.4166666666666667,3.0,3.0,2.0,2.0,2.0,2.0,3.0,3.0,2.0,2.0,3.0,3.0,3.0,0.5384615384615384,0.3333333333333333,62,Man,,Male,,Less than high school,3,4,4,4,,
45,eztx9swq7h6a5813k9hvn5a3,4.0,3.0,2.0,5.0,3.0,2.0,4.0,3.0,4.0,3.0,3.0,1.0,2.0,0.38461538461538464,0.5833333333333334,3.0,4.0,2.0,3.0,1.0,3.0,3.0,2.0,0.0,3.0,2.0,3.0,1.0,0.46153846153846156,0.4166666666666667,1.0,3.0,2.0,3.0,2.0,2.0,3.0,3.0,3.0,4.0,2.0,3.0,3.0,0.5384615384615384,0.5,62,Man,,Male,,Bachelor degree,4,3,4,4,"I didn't write anything down but just made a mental effort to remember the rules - however, during the game I had to act very quickly so I tended to choose the room with more green squares available.","This was a fun and thought-provoking study, really enjoyed it!"
46,f16v2rqmgqtjg0q6xv0sk0ey,3.0,3.0,2.0,5.0,2.0,4.0,3.0,3.0,4.0,4.0,4.0,2.0,3.0,0.38461538461538464,0.3333333333333333,3.0,4.0,3.0,2.0,1.0,1.0,5.0,3.0,3.0,4.0,3.0,5.0,1.0,0.38461538461538464,0.5,3.0,4.0,4.0,2.0,3.0,3.0,4.0,3.0,2.0,3.0,4.0,1.0,3.0,0.46153846153846156,0.5833333333333334,26,Woman,,Male,,Master degree or higher,3,4,3,2,mostly understood the pattern from the given actions and used it to figure out which room would work better.,
47,fimppy78bnekuf6of8381lg5,2.0,5.0,3.0,5.0,2.0,3.0,5.0,3.0,4.0,1.0,5.0,4.0,3.0,0.3076923076923077,0.3333333333333333,5.0,3.0,3.0,5.0,0.0,1.0,4.0,2.0,0.0,4.0,0.0,5.0,3.0,0.23076923076923078,0.08333333333333333,1.0,2.0,3.0,1.0,2.0,0.0,0.0,4.0,3.0,0.0,1.0,3.0,0.0,0.3076923076923077,0.4166666666666667,28,Man,,Male,,Some college,0,5,4,1,I tried to count probability a little,
48,gbt8ibxpeg8awqo30ghobuvw,3.0,1.0,4.0,5.0,1.0,4.0,4.0,0.0,0.0,4.0,4.0,4.0,5.0,0.46153846153846156,0.16666666666666666,NaN,NaN,NaN,NaN,NaN,NaN,NaN,NaN,NaN,NaN,NaN,NaN,NaN,1.0,0.0,NaN,NaN,NaN,NaN,NaN,NaN,NaN,NaN,NaN,NaN,NaN,NaN,NaN,1.0,0.0,31,Man,,Male,,Master degree or higher,0,5,5,3,picking rooms with the highest probability,no
49,gffro2kuglf7i3ii47h5ustx,4.0,4.0,2.0,5.0,3.0,4.0,2.0,3.0,4.0,1.0,2.0,2.0,3.0,0.3076923076923077,0.4166666666666667,2.0,3.0,3.0,3.0,2.0,2.0,3.0,3.0,0.0,4.0,3.0,3.0,1.0,0.5384615384615384,0.3333333333333333,1.0,3.0,2.0,3.0,2.0,1.0,1.0,4.0,2.0,2.0,1.0,2.0,2.0,0.46153846153846156,0.5,36,Man,,Male,,High school,1,4,4,1,N/A,N/A
50,grmtz2soj483sblxtbt3lv68,5.0,2.0,0.0,5.0,3.0,4.0,1.0,0.0,0.0,3.0,5.0,0.0,2.0,0.3076923076923077,0.16666666666666666,0.0,1.0,0.0,3.0,0.0,4.0,4.0,2.0,0.0,5.0,0.0,5.0,2.0,0.38461538461538464,0.16666666666666666,0.0,1.0,0.0,2.0,0.0,0.0,1.0,4.0,1.0,0.0,0.0,1.0,0.0,0.5384615384615384,0.5,29,Woman,,Female,,Master degree or higher,4,5,5,4,,
51,h8p65cw30v6ftx4g88at6l6k,5.0,2.0,3.0,5.0,0.0,5.0,4.0,3.0,2.0,4.0,5.0,2.0,4.0,0.3076923076923077,0.4166666666666667,1.0,3.0,0.0,4.0,2.0,3.0,5.0,0.0,0.0,5.0,2.0,5.0,3.0,0.23076923076923078,0.08333333333333333,4.0,4.0,4.0,4.0,4.0,2.0,4.0,4.0,4.0,3.0,4.0,4.0,4.0,0.8461538461538461,0.16666666666666666,24,Woman,,Female,,Bachelor degree,1,5,5,2,I chose where there were many destinations.,Nice study.
52,hgl6nj4mufaaqpan0aooduh2,5.0,4.0,4.0,5.0,4.0,2.0,3.0,4.0,4.0,5.0,4.0,4.0,2.0,0.5384615384615384,0.5833333333333334,4.0,3.0,4.0,4.0,3.0,4.0,5.0,5.0,0.0,3.0,2.0,3.0,4.0,0.38461538461538464,0.6666666666666666,3.0,2.0,1.0,2.0,2.0,1.0,3.0,4.0,3.0,3.0,2.0,1.0,2.0,0.38461538461538464,0.75,23,Man,,Male,,High school,2,5,3,4,just picking where is more green squares,
53,hgm8buknen80gpgrxbxnah5j,3.0,3.0,2.0,5.0,2.0,4.0,4.0,2.0,4.0,3.0,4.0,2.0,1.0,0.3076923076923077,0.3333333333333333,3.0,3.0,3.0,2.0,2.0,1.0,3.0,2.0,0.0,3.0,2.0,4.0,1.0,0.38461538461538464,0.3333333333333333,2.0,3.0,2.0,2.0,1.0,1.0,3.0,4.0,3.0,2.0,2.0,3.0,2.0,0.46153846153846156,0.6666666666666666,38,Woman,,Female,,Some college,1,5,4,4,none,none
54,hjtjtri9so51agzd25ldtzqc,4.0,3.0,3.0,5.0,3.0,4.0,2.0,3.0,3.0,3.0,3.0,3.0,2.0,0.6153846153846154,0.3333333333333333,4.0,4.0,4.0,4.0,3.0,3.0,4.0,2.0,0.0,4.0,3.0,4.0,2.0,0.5384615384615384,0.3333333333333333,1.0,1.0,1.0,2.0,2.0,0.0,2.0,4.0,3.0,2.0,2.0,2.0,2.0,0.5384615384615384,0.25,41,Woman,,Female,,Bachelor degree,2,5,5,3,no,n/a
55,hwk7avvapc6cscfpbr4t3jj3,4.0,4.0,2.0,5.0,1.0,4.0,4.0,1.0,5.0,1.0,1.0,1.0,1.0,0.46153846153846156,0.0,2.0,5.0,4.0,4.0,1.0,2.0,4.0,0.0,0.0,4.0,5.0,3.0,1.0,0.3076923076923077,0.25,3.0,3.0,3.0,2.0,3.0,1.0,2.0,4.0,3.0,2.0,3.0,3.0,3.0,0.6153846153846154,0.5,31,Man,,Male,,Bachelor degree,0,5,3,0,E,
56,ign89wyvhdx4634kppk6cw8v,2.0,1.0,4.0,5.0,5.0,4.0,1.0,1.0,1.0,2.0,1.0,1.0,1.0,0.5384615384615384,0.4166666666666667,1.0,1.0,0.0,0.0,1.0,5.0,4.0,1.0,0.0,5.0,1.0,5.0,1.0,0.46153846153846156,0.3333333333333333,2.0,3.0,3.0,3.0,2.0,1.0,1.0,4.0,2.0,2.0,1.0,1.0,2.0,0.38461538461538464,0.4166666666666667,28,Man,,Male,,Master degree or higher,1,5,4,3,"I tried to evaluate in each situation which was the best choice. For example, when I had more chances to move I chose that option or I thought it was better choosing less random moves when I thought they were worse than the other choice",
57,jamgvo8ij6ilnvvlviz0cknz,5.0,1.0,0.0,5.0,3.0,2.0,2.0,0.0,5.0,2.0,5.0,0.0,4.0,0.3076923076923077,0.16666666666666666,2.0,1.0,1.0,0.0,2.0,0.0,3.0,3.0,0.0,5.0,3.0,4.0,2.0,0.23076923076923078,0.25,4.0,4.0,3.0,4.0,2.0,3.0,3.0,4.0,3.0,4.0,2.0,3.0,3.0,0.46153846153846156,0.5833333333333334,44,Man,,Male,,Bachelor degree,3,5,4,3,I just looked for patterns identified during the training. ,This was an awesome survey. 
58,jbkz704oz53pu30cd8u5sxv6,3.0,3.0,0.0,5.0,5.0,4.0,3.0,1.0,3.0,5.0,3.0,0.0,2.0,0.38461538461538464,0.16666666666666666,3.0,1.0,4.0,4.0,3.0,3.0,3.0,5.0,0.0,4.0,3.0,4.0,4.0,0.38461538461538464,0.25,3.0,3.0,4.0,4.0,2.0,1.0,0.0,4.0,3.0,1.0,1.0,2.0,2.0,0.23076923076923078,0.4166666666666667,37,Man,,Male,,Master degree or higher,1,5,5,0,some rough aspect of probabilities (not detailed in the math),"No, thanks. The survey was fun though, since it's a game"
59,jiohh8sd5i0q1rygywu0m2ho,4.0,2.0,1.0,5.0,4.0,4.0,3.0,1.0,1.0,4.0,2.0,2.0,2.0,0.3076923076923077,0.25,3.0,2.0,2.0,1.0,1.0,4.0,5.0,2.0,0.0,4.0,4.0,4.0,1.0,0.3076923076923077,0.25,1.0,3.0,0.0,3.0,1.0,0.0,0.0,4.0,3.0,2.0,0.0,3.0,3.0,0.38461538461538464,0.25,56,Man,,Male,,Bachelor degree,3,5,5,4,Looked at odds,
60,jiwua1njvy4ro7ec2xk7ta1k,4.0,0.0,1.0,5.0,4.0,3.0,3.0,0.0,1.0,2.0,5.0,NaN,0.0,0.23076923076923078,0.5833333333333334,2.0,1.0,1.0,1.0,0.0,1.0,3.0,3.0,0.0,3.0,1.0,3.0,0.0,0.38461538461538464,0.25,2.0,2.0,1.0,3.0,1.0,1.0,1.0,4.0,2.0,1.0,0.0,1.0,0.0,0.46153846153846156,0.4166666666666667,50,Man,,Male,,Associate degree,3,5,5,3,,
61,k0vm88c7rnfjwtgxt88y0fkg,2.0,3.0,0.0,5.0,0.0,4.0,2.0,0.0,3.0,0.0,4.0,0.0,4.0,0.38461538461538464,0.08333333333333333,0.0,0.0,0.0,0.0,0.0,3.0,4.0,0.0,0.0,4.0,2.0,4.0,0.0,0.6153846153846154,0.08333333333333333,2.0,3.0,1.0,1.0,2.0,0.0,0.0,4.0,2.0,1.0,1.0,2.0,1.0,0.38461538461538464,0.4166666666666667,27,Woman,,Female,,Bachelor degree,2,3,2,4,no,
62,koovgnoei6qz43515rup1eli,4.0,2.0,2.0,5.0,2.0,3.0,3.0,1.0,4.0,4.0,4.0,1.0,1.0,0.3076923076923077,0.08333333333333333,3.0,1.0,1.0,2.0,1.0,4.0,4.0,3.0,0.0,4.0,1.0,4.0,2.0,0.3076923076923077,0.25,3.0,2.0,2.0,2.0,1.0,2.0,3.0,4.0,2.0,0.0,2.0,2.0,1.0,0.5384615384615384,0.5,41,Woman,,Female,,Bachelor degree,2,5,4,2,,
63,kuptlcxssgbs49ubyu7bfyle,4.0,3.0,2.0,5.0,3.0,3.0,NaN,2.0,4.0,4.0,NaN,NaN,NaN,0.3076923076923077,0.16666666666666666,NaN,NaN,4.0,2.0,NaN,NaN,NaN,NaN,0.0,2.0,NaN,NaN,NaN,0.6923076923076923,0.08333333333333333,2.0,2.0,3.0,NaN,1.0,3.0,3.0,4.0,NaN,2.0,3.0,2.0,1.0,0.3076923076923077,0.5,50,Woman,,Female,,Bachelor degree,1,3,3,3,I picked the one with the greatest chances,
64,lsyiwthi4ft19b735ygg8od1,5.0,3.0,1.0,5.0,4.0,4.0,1.0,1.0,3.0,4.0,4.0,1.0,1.0,0.38461538461538464,0.16666666666666666,1.0,1.0,2.0,3.0,1.0,4.0,4.0,3.0,0.0,5.0,1.0,4.0,1.0,0.38461538461538464,0.25,1.0,4.0,3.0,1.0,1.0,1.0,1.0,4.0,2.0,1.0,1.0,3.0,3.0,0.5384615384615384,0.16666666666666666,31,Man,,Male,,Master degree or higher,3,5,4,3,"Whenever i was presented with a new room, I was seeing how full it was and sort of registered it visually so that every other time I did not have to compare it with a fresh eyes",It was fun!
65,m55od7tpxtz2vbp2538msvjc,5.0,4.0,4.0,5.0,4.0,3.0,4.0,4.0,4.0,5.0,3.0,3.0,4.0,0.5384615384615384,0.5833333333333334,4.0,4.0,3.0,4.0,4.0,0.0,2.0,3.0,0.0,3.0,4.0,3.0,4.0,0.46153846153846156,0.5,3.0,4.0,4.0,3.0,3.0,3.0,4.0,4.0,4.0,3.0,2.0,2.0,3.0,0.46153846153846156,0.5,24,Woman,,Female,,Master degree or higher,1,5,5,2,just tried to remember which combinations were the best and look for them,
66,mjjegaryh4k84ezcdgrkm5eh,2.0,3.0,4.0,5.0,3.0,2.0,3.0,4.0,4.0,5.0,4.0,1.0,2.0,0.3076923076923077,0.75,4.0,4.0,5.0,4.0,3.0,2.0,4.0,3.0,0.0,3.0,3.0,4.0,1.0,0.38461538461538464,0.5,3.0,3.0,4.0,2.0,4.0,1.0,3.0,3.0,3.0,2.0,3.0,3.0,1.0,0.5384615384615384,0.25,18,Man,,Male,,High school,3,5,4,4,calculate the quickest and most simple probabilities in my head,
67,mscvk0v51q39zprbybhyi0ln,5.0,0.0,3.0,5.0,4.0,4.0,3.0,0.0,0.0,4.0,2.0,3.0,2.0,0.23076923076923078,0.3333333333333333,4.0,1.0,3.0,2.0,3.0,0.0,0.0,0.0,3.0,0.0,3.0,4.0,3.0,0.38461538461538464,0.3333333333333333,0.0,1.0,3.0,1.0,4.0,4.0,0.0,4.0,3.0,3.0,2.0,3.0,0.0,0.3076923076923077,0.3333333333333333,19,Man,,Male,,Bachelor degree,3,5,5,4,NONE,NO
68,mxhl6tulytan9dm42fryorep,4.0,2.0,2.0,4.0,3.0,5.0,2.0,5.0,3.0,2.0,4.0,1.0,0.0,0.3076923076923077,0.25,2.0,2.0,2.0,3.0,3.0,4.0,3.0,3.0,2.0,4.0,3.0,4.0,2.0,0.38461538461538464,0.5,3.0,2.0,1.0,2.0,3.0,1.0,0.0,4.0,4.0,3.0,1.0,2.0,3.0,0.3076923076923077,0.6666666666666666,29,Man,,Male,,Bachelor degree,3,4,3,4,,
69,mzscge9rch9skqjep76mi25x,5.0,0.0,0.0,5.0,3.0,4.0,0.0,0.0,0.0,2.0,4.0,0.0,0.0,0.5384615384615384,0.08333333333333333,1.0,0.0,1.0,2.0,0.0,5.0,5.0,2.0,0.0,5.0,0.0,5.0,1.0,0.3076923076923077,0.25,2.0,4.0,0.0,4.0,2.0,0.0,3.0,4.0,4.0,2.0,3.0,4.0,4.0,0.46153846153846156,0.25,36,Woman,,Female,,Master degree or higher,2,5,3,1,observing the pattern,
70,ndd2141y43vplxse3vyjey7y,4.0,2.0,1.0,5.0,1.0,3.0,2.0,1.0,1.0,4.0,4.0,1.0,1.0,0.46153846153846156,0.25,NaN,NaN,NaN,NaN,NaN,NaN,NaN,NaN,NaN,NaN,NaN,NaN,NaN,1.0,0.0,NaN,NaN,NaN,NaN,NaN,NaN,NaN,NaN,NaN,NaN,NaN,NaN,NaN,1.0,0.0,32,Woman,,Female,,Some college,2,5,4,3,wrote down instructions,
71,nh9lbispdom446f2i7gvi60l,5.0,1.0,1.0,5.0,3.0,4.0,1.0,0.0,3.0,1.0,2.0,1.0,1.0,0.46153846153846156,0.3333333333333333,1.0,1.0,2.0,1.0,1.0,4.0,4.0,1.0,1.0,4.0,2.0,4.0,1.0,0.5384615384615384,0.16666666666666666,2.0,3.0,3.0,2.0,1.0,1.0,2.0,4.0,2.0,1.0,1.0,1.0,1.0,0.46153846153846156,0.4166666666666667,33,Woman,,Female,,Master degree or higher,2,4,4,4,I tried to choose an option that covered most squares,
72,null,5.0,1.0,1.0,5.0,2.0,4.0,3.0,1.0,1.0,2.0,3.0,2.0,2.0,0.3076923076923077,0.3333333333333333,2.0,1.0,2.0,3.0,2.0,3.0,5.0,3.0,1.0,3.0,2.0,4.0,2.0,0.38461538461538464,0.5,2.0,3.0,1.0,2.0,3.0,1.0,2.0,4.0,3.0,2.0,3.0,3.0,2.0,0.38461538461538464,0.6666666666666666,38,Man,,Male,,Master degree or higher,0,5,5,4,Tried to remember the instructions and act accordingly.,NA
73,o286n6yysufrtkosxv4dc0ke,3.0,1.0,0.0,5.0,3.0,4.0,5.0,2.0,0.0,2.0,5.0,1.0,4.0,0.23076923076923078,0.25,4.0,1.0,0.0,0.0,5.0,2.0,5.0,5.0,3.0,4.0,2.0,4.0,5.0,0.3076923076923077,0.25,3.0,2.0,1.0,2.0,0.0,1.0,3.0,4.0,4.0,1.0,3.0,3.0,4.0,0.3076923076923077,0.5,20,Man,,Male,,Associate degree,5,5,5,2,no,
74,o7k2i533dtg1cpmyaqwgqlg6,5.0,1.0,0.0,5.0,3.0,4.0,2.0,2.0,4.0,4.0,3.0,0.0,2.0,0.23076923076923078,0.25,3.0,1.0,3.0,3.0,0.0,3.0,4.0,3.0,0.0,5.0,2.0,4.0,1.0,0.38461538461538464,0.16666666666666666,3.0,3.0,1.0,2.0,3.0,0.0,2.0,4.0,1.0,3.0,2.0,3.0,4.0,0.38461538461538464,0.4166666666666667,29,Man,,Male,,Bachelor degree,0,5,5,1,no,no
75,oe9j45ol4isk5eqf347u1djd,4.0,1.0,0.0,5.0,2.0,3.0,2.0,2.0,3.0,4.0,4.0,2.0,3.0,0.3076923076923077,0.5,2.0,2.0,2.0,2.0,2.0,4.0,3.0,2.0,NaN,3.0,2.0,4.0,2.0,0.6153846153846154,0.25,2.0,3.0,2.0,4.0,2.0,1.0,0.0,4.0,3.0,1.0,1.0,3.0,2.0,0.3076923076923077,0.5,34,Woman,,Female,,Bachelor degree,5,4,4,4,"Yes, I simply followed the instructions and compared the two Rooms presented before making a choice.",It's an interesting survey and I'd like to participate in more of this.
76,oldm0aozs4pka9tvsfrgjfhi,4.0,2.0,4.0,5.0,2.0,5.0,2.0,3.0,5.0,2.0,4.0,4.0,2.0,0.38461538461538464,0.16666666666666666,2.0,2.0,4.0,3.0,3.0,2.0,3.0,4.0,1.0,5.0,2.0,4.0,2.0,0.38461538461538464,0.3333333333333333,2.0,4.0,4.0,4.0,3.0,3.0,3.0,4.0,3.0,2.0,2.0,3.0,3.0,0.46153846153846156,0.4166666666666667,31,Woman,,Female,,Bachelor degree,2,3,4,3,Used my memory as best as I could,
77,orz3lyvjvj6sxk85nh5kdzc3,4.0,0.0,0.0,5.0,4.0,4.0,1.0,3.0,1.0,4.0,3.0,0.0,2.0,0.3076923076923077,0.16666666666666666,1.0,2.0,0.0,2.0,2.0,4.0,4.0,2.0,0.0,4.0,2.0,4.0,3.0,0.38461538461538464,0.16666666666666666,0.0,1.0,2.0,3.0,0.0,0.0,0.0,4.0,4.0,0.0,0.0,4.0,1.0,0.46153846153846156,0.25,26,Woman,,Female,,Master degree or higher,1,5,5,1,No,No
78,p9rbr7lizb4w7qi9yd35dz6u,5.0,1.0,1.0,5.0,3.0,4.0,4.0,4.0,3.0,4.0,5.0,1.0,1.0,0.3076923076923077,0.3333333333333333,2.0,1.0,1.0,0.0,4.0,3.0,3.0,0.0,0.0,5.0,0.0,5.0,3.0,0.3076923076923077,0.25,4.0,4.0,2.0,3.0,2.0,3.0,1.0,4.0,3.0,0.0,3.0,3.0,3.0,0.46153846153846156,0.3333333333333333,25,Man,,Male,,Master degree or higher,0,5,2,3,no,
79,pce7e2eafm9m606e3suropgj,4.0,2.0,2.0,5.0,3.0,4.0,2.0,2.0,2.0,4.0,3.0,2.0,2.0,0.5384615384615384,0.25,2.0,2.0,2.0,3.0,3.0,2.0,4.0,4.0,2.0,4.0,3.0,4.0,4.0,0.38461538461538464,0.3333333333333333,1.0,2.0,1.0,3.0,2.0,1.0,3.0,4.0,3.0,1.0,1.0,3.0,2.0,0.38461538461538464,0.5833333333333334,30,Man,,Male,,Bachelor degree,4,5,4,1,Reading instructions,
80,pcujcfrsxmak0z1tjkqmuv3i,2.0,1.0,1.0,5.0,2.0,4.0,1.0,2.0,5.0,1.0,2.0,1.0,3.0,0.38461538461538464,0.3333333333333333,3.0,1.0,3.0,3.0,1.0,4.0,4.0,5.0,0.0,3.0,1.0,4.0,1.0,0.3076923076923077,0.08333333333333333,0.0,1.0,0.0,3.0,0.0,0.0,0.0,4.0,3.0,0.0,0.0,3.0,1.0,0.5384615384615384,0.25,46,Man,,Male,,Some college,1,5,3,1,I tried to pick the side that had more squares covered as a possibility,fun task! Thank you! 
81,q64csdjye17mo169zw48pkjv,3.0,2.0,1.0,5.0,3.0,3.0,2.0,1.0,4.0,4.0,2.0,1.0,2.0,0.3076923076923077,0.5,2.0,2.0,0.0,3.0,1.0,3.0,3.0,2.0,0.0,3.0,2.0,4.0,0.0,0.3076923076923077,0.16666666666666666,1.0,2.0,0.0,2.0,0.0,0.0,0.0,4.0,2.0,1.0,0.0,2.0,1.0,0.38461538461538464,0.3333333333333333,58,Man,,Male,,Bachelor degree,2,4,3,1,No,Thanks :)
82,qrlfc13722inbx4ebkyi4yf2,4.0,1.0,3.0,5.0,1.0,4.0,2.0,1.0,4.0,4.0,4.0,1.0,1.0,0.38461538461538464,0.08333333333333333,1.0,3.0,2.0,2.0,1.0,2.0,4.0,3.0,0.0,4.0,2.0,4.0,1.0,0.3076923076923077,0.3333333333333333,3.0,3.0,2.0,3.0,3.0,2.0,3.0,4.0,3.0,3.0,3.0,3.0,3.0,0.7692307692307693,0.5,35,Woman,,Female,,Bachelor degree,3,4,4,1,none,none
83,qsxnrtfw1wegxdukia11ai3l,4.0,1.0,0.0,5.0,4.0,5.0,1.0,1.0,1.0,4.0,1.0,0.0,1.0,0.46153846153846156,0.4166666666666667,0.0,1.0,1.0,1.0,0.0,4.0,4.0,1.0,0.0,5.0,0.0,4.0,0.0,0.38461538461538464,0.25,1.0,1.0,0.0,3.0,1.0,0.0,0.0,4.0,4.0,1.0,1.0,4.0,0.0,0.38461538461538464,0.16666666666666666,51,Woman,,Female,,Some college,0,5,5,4,the truth,no
84,qt9sunyd30yeoo38hga7jc9d,4.0,4.0,4.0,5.0,3.0,2.0,5.0,2.0,4.0,4.0,2.0,4.0,2.0,0.46153846153846156,0.16666666666666666,4.0,4.0,4.0,4.0,4.0,4.0,4.0,2.0,0.0,4.0,4.0,3.0,4.0,0.7692307692307693,0.16666666666666666,2.0,2.0,2.0,2.0,2.0,2.0,2.0,4.0,2.0,2.0,3.0,2.0,3.0,0.7692307692307693,0.25,47,Man,,Male,,Master degree or higher,1,4,2,3,no,no
85,rd7b020x69ws2y529woy7e6o,4.0,0.0,0.0,5.0,3.0,4.0,0.0,1.0,1.0,3.0,3.0,2.0,2.0,0.23076923076923078,0.25,0.0,2.0,1.0,1.0,1.0,2.0,4.0,2.0,0.0,3.0,0.0,5.0,1.0,0.3076923076923077,0.16666666666666666,1.0,2.0,0.0,0.0,0.0,0.0,0.0,3.0,0.0,1.0,0.0,1.0,0.0,0.6153846153846154,0.4166666666666667,63,Woman,,Female,,High school,0,5,5,1,No,None
86,ry6i6a8fp7lqqcwtgr3badcj,4.0,2.0,1.0,5.0,4.0,4.0,0.0,0.0,4.0,5.0,2.0,0.0,0.0,0.3076923076923077,0.25,1.0,NaN,1.0,0.0,3.0,0.0,4.0,4.0,0.0,4.0,1.0,4.0,3.0,0.3076923076923077,0.16666666666666666,3.0,3.0,1.0,3.0,4.0,0.0,0.0,4.0,3.0,2.0,1.0,3.0,3.0,0.46153846153846156,0.3333333333333333,51,Man,,Male,,Master degree or higher,0,5,4,1,No,I enjoyed the task!
87,sitdfh6iumamsznaxbtudkvp,4.0,2.0,3.0,NaN,0.0,4.0,0.0,2.0,1.0,1.0,1.0,1.0,1.0,0.38461538461538464,0.25,0.0,3.0,1.0,1.0,1.0,4.0,4.0,0.0,0.0,4.0,4.0,4.0,2.0,0.38461538461538464,0.0,2.0,2.0,2.0,3.0,3.0,2.0,1.0,NaN,NaN,3.0,NaN,NaN,NaN,0.38461538461538464,0.25,19,Woman,,Female,,Bachelor degree,3,3,3,2,no just followed instructions,
88,sjad27u3prkh2i5vyklfxm5n,4.0,1.0,4.0,5.0,1.0,4.0,3.0,3.0,3.0,2.0,3.0,2.0,2.0,0.3076923076923077,0.4166666666666667,1.0,3.0,1.0,3.0,1.0,3.0,3.0,3.0,1.0,3.0,1.0,5.0,2.0,0.46153846153846156,0.0,1.0,2.0,2.0,2.0,1.0,1.0,1.0,4.0,3.0,0.0,1.0,0.0,1.0,0.46153846153846156,0.5,23,Man,,Male,,Bachelor degree,3,5,5,1,Just chose the options that I had the best outcome(most likely to get a coin),None
89,sjrcckfgzu0h0a5rxw0qpfcu,3.0,3.0,4.0,3.0,4.0,4.0,3.0,3.0,4.0,4.0,4.0,3.0,4.0,0.5384615384615384,0.5833333333333334,4.0,4.0,3.0,3.0,4.0,5.0,4.0,4.0,3.0,4.0,4.0,3.0,4.0,0.6153846153846154,0.6666666666666666,3.0,3.0,4.0,3.0,3.0,3.0,4.0,3.0,4.0,3.0,2.0,3.0,3.0,0.6923076923076923,0.6666666666666666,50,Woman,,Female,,High school,5,5,5,3,NO,
90,t3usbqojditburp0m1ft3zgw,4.0,3.0,1.0,5.0,0.0,4.0,4.0,2.0,3.0,1.0,4.0,1.0,0.0,0.3076923076923077,0.25,NaN,4.0,3.0,1.0,0.0,1.0,4.0,3.0,0.0,3.0,1.0,3.0,0.0,0.3076923076923077,0.3333333333333333,4.0,3.0,4.0,3.0,2.0,2.0,1.0,4.0,1.0,2.0,2.0,3.0,2.0,0.38461538461538464,0.6666666666666666,41,Woman,,Female,,High school,4,5,4,3,no,
91,t6bn3gh291ojow3v0np6gu8s,4.0,5.0,3.0,5.0,0.0,2.0,3.0,1.0,2.0,4.0,5.0,3.0,3.0,0.3076923076923077,0.3333333333333333,4.0,5.0,1.0,0.0,1.0,0.0,2.0,3.0,0.0,5.0,1.0,4.0,3.0,0.23076923076923078,0.5,4.0,4.0,2.0,1.0,4.0,3.0,4.0,4.0,3.0,4.0,3.0,2.0,0.0,0.46153846153846156,0.5833333333333334,21,Man,,Male,,Some college,4,5,5,3,I looked at how many option were available on both sides and decide on the one that had less options in one option ,it was a very intersting study and i enjoyed it thank you
92,tgy0uxurfply2uxeyay0pud0,4.0,3.0,3.0,5.0,3.0,4.0,2.0,4.0,3.0,4.0,4.0,3.0,3.0,0.46153846153846156,0.4166666666666667,2.0,2.0,2.0,3.0,3.0,2.0,3.0,3.0,0.0,4.0,3.0,4.0,3.0,0.46153846153846156,0.5,2.0,2.0,2.0,2.0,2.0,1.0,2.0,4.0,3.0,2.0,1.0,2.0,2.0,0.6923076923076923,0.5,34,Woman,,Female,,Master degree or higher,0,5,4,1,trying to choose the room which would have most actions,none
93,tkyf3mn3w3w41kcfpqv5a21z,1.0,1.0,1.0,5.0,1.0,4.0,3.0,5.0,5.0,5.0,5.0,1.0,5.0,0.46153846153846156,0.08333333333333333,3.0,1.0,4.0,5.0,3.0,1.0,4.0,3.0,0.0,3.0,4.0,5.0,2.0,0.3076923076923077,0.3333333333333333,3.0,4.0,4.0,3.0,4.0,2.0,1.0,4.0,4.0,1.0,3.0,1.0,2.0,0.38461538461538464,0.4166666666666667,40,Man,,Male,,Bachelor degree,1,5,5,5,No i did not,None
94,tux2yeyab76uttxu7njf2a6n,3.0,3.0,1.0,5.0,2.0,4.0,4.0,0.0,3.0,3.0,2.0,0.0,0.0,0.3076923076923077,0.08333333333333333,0.0,0.0,0.0,0.0,2.0,2.0,4.0,0.0,3.0,5.0,1.0,4.0,0.0,0.46153846153846156,0.0,0.0,0.0,0.0,0.0,0.0,0.0,0.0,3.0,2.0,0.0,2.0,3.0,3.0,0.6153846153846154,0.16666666666666666,27,Woman,,Female,,Bachelor degree,4,1,4,1,I PICK THE ONES WITH MORE POSTIONS OCCUPIED,
95,u03or5sniifct0t09t6yeuc3,3.0,5.0,5.0,5.0,5.0,5.0,5.0,5.0,3.0,3.0,4.0,3.0,4.0,0.5384615384615384,0.25,5.0,5.0,3.0,4.0,0.0,3.0,4.0,4.0,2.0,4.0,4.0,4.0,5.0,0.46153846153846156,0.25,NaN,NaN,NaN,NaN,NaN,NaN,NaN,NaN,NaN,NaN,NaN,NaN,NaN,1.0,0.0,30,Woman,,Female,,Master degree or higher,4,5,5,0,choices,
96,ud7b45liuk96n3a84orr1ule,5.0,3.0,3.0,5.0,1.0,3.0,2.0,2.0,4.0,4.0,4.0,2.0,1.0,0.23076923076923078,0.16666666666666666,3.0,3.0,3.0,3.0,2.0,3.0,3.0,1.0,0.0,3.0,3.0,4.0,2.0,0.6153846153846154,0.3333333333333333,3.0,3.0,2.0,3.0,2.0,3.0,3.0,4.0,3.0,1.0,3.0,3.0,2.0,0.6153846153846154,0.5833333333333334,42,Woman,,Female,,Some college,3,4,4,4,,
97,udgjwi22y5t9u4n3ql7capdr,3.0,5.0,1.0,5.0,0.0,1.0,4.0,4.0,1.0,4.0,3.0,1.0,5.0,0.3076923076923077,0.16666666666666666,0.0,2.0,1.0,1.0,3.0,0.0,3.0,3.0,0.0,3.0,2.0,4.0,0.0,0.3076923076923077,0.16666666666666666,3.0,2.0,4.0,2.0,4.0,4.0,1.0,4.0,2.0,0.0,3.0,3.0,0.0,0.3076923076923077,0.08333333333333333,23,Man,,Male,,Some college,1,5,5,1,I tried to mostly take the rooms with the most probabal in my way of thinking not mathemathically accurate most choices ,
98,ufikmovfamuvok2kbpl0h8bk,4.0,1.0,3.0,5.0,1.0,4.0,3.0,2.0,3.0,4.0,3.0,2.0,1.0,0.3076923076923077,0.5833333333333334,2.0,2.0,2.0,1.0,1.0,2.0,4.0,3.0,0.0,4.0,3.0,3.0,1.0,0.3076923076923077,0.3333333333333333,1.0,2.0,1.0,3.0,1.0,2.0,2.0,4.0,2.0,1.0,2.0,2.0,1.0,0.46153846153846156,0.5,29,Man,,Male,,High school,2,5,5,4,,
99,ug7iobdbt8bluppwhbtq638k,5.0,1.0,3.0,5.0,3.0,5.0,1.0,1.0,1.0,3.0,4.0,1.0,2.0,0.38461538461538464,0.16666666666666666,0.0,1.0,3.0,1.0,2.0,5.0,4.0,3.0,0.0,4.0,4.0,3.0,3.0,0.3076923076923077,0.4166666666666667,1.0,2.0,0.0,3.0,2.0,1.0,1.0,4.0,3.0,2.0,1.0,2.0,3.0,0.3076923076923077,0.6666666666666666,23,Man,,Male,,Some college,1,5,5,3,I tried to calculate the best outcomes.,Great experiment.
100,usv7hudrv7m41a6z9raxuhap,4.0,1.0,1.0,5.0,3.0,4.0,1.0,1.0,1.0,3.0,4.0,1.0,1.0,0.5384615384615384,0.16666666666666666,1.0,1.0,3.0,2.0,0.0,4.0,4.0,3.0,0.0,4.0,2.0,4.0,0.0,0.3076923076923077,0.16666666666666666,2.0,2.0,1.0,3.0,1.0,1.0,1.0,4.0,3.0,3.0,1.0,4.0,1.0,0.46153846153846156,0.16666666666666666,59,Man,,Male,,Bachelor degree,1,4,4,2,Tried to maximize my options and odds,no
101,uzr4zehcift74m2u6g4wu0x8,2.0,3.0,2.0,5.0,3.0,4.0,NaN,2.0,NaN,4.0,2.0,3.0,3.0,0.3076923076923077,0.3333333333333333,3.0,3.0,2.0,3.0,1.0,1.0,3.0,3.0,0.0,3.0,2.0,3.0,3.0,0.6153846153846154,0.3333333333333333,3.0,2.0,3.0,2.0,1.0,3.0,3.0,4.0,2.0,1.0,2.0,2.0,1.0,0.38461538461538464,0.6666666666666666,26,Woman,,Female,,Master degree or higher,2,5,5,1,"Trying to see if all the positions were covered by the actions, and if both had the same positions covered, which ones had the higher probability of happening",
102,v2931c5dbur5d5v2dh2kynvt,1.0,2.0,0.0,5.0,3.0,3.0,2.0,2.0,4.0,2.0,1.0,0.0,2.0,0.38461538461538464,0.3333333333333333,2.0,4.0,4.0,2.0,0.0,2.0,3.0,2.0,0.0,3.0,4.0,3.0,1.0,0.3076923076923077,0.3333333333333333,1.0,2.0,1.0,1.0,2.0,1.0,1.0,3.0,1.0,1.0,3.0,3.0,0.0,0.5384615384615384,0.3333333333333333,38,Man,,Male,,Less than high school,0,5,4,1,Pick the room with the highest individual actions,
103,vlc13eov4j8suxxoudne9hoo,5.0,0.0,0.0,5.0,0.0,2.0,0.0,0.0,0.0,1.0,0.0,0.0,0.0,0.6923076923076923,0.16666666666666666,1.0,0.0,0.0,0.0,0.0,5.0,5.0,1.0,0.0,5.0,1.0,5.0,5.0,0.38461538461538464,0.16666666666666666,2.0,3.0,0.0,4.0,1.0,0.0,0.0,4.0,3.0,0.0,0.0,4.0,2.0,0.38461538461538464,0.25,27,Man,,Male,,Master degree or higher,4,5,5,2,No I just followed instructions.,not at the moment..
104,wj9bkl4snzqnh9j395d559zs,4.0,1.0,3.0,5.0,2.0,5.0,3.0,1.0,4.0,1.0,4.0,2.0,1.0,0.3076923076923077,0.08333333333333333,1.0,1.0,3.0,3.0,2.0,4.0,5.0,2.0,NaN,5.0,2.0,5.0,2.0,0.3076923076923077,0.25,2.0,3.0,1.0,2.0,3.0,0.0,1.0,4.0,3.0,2.0,1.0,3.0,3.0,0.38461538461538464,0.5833333333333334,27,Woman,,Female,,Bachelor degree,3,5,4,4,no,I know everything went well.
105,wspfxcpas88kcslh6ha7bkei,5.0,0.0,0.0,5.0,3.0,5.0,2.0,2.0,1.0,2.0,3.0,0.0,2.0,0.3076923076923077,0.25,1.0,1.0,0.0,2.0,0.0,3.0,5.0,3.0,1.0,5.0,3.0,5.0,4.0,0.23076923076923078,0.16666666666666666,2.0,3.0,1.0,3.0,1.0,1.0,1.0,4.0,4.0,2.0,0.0,2.0,1.0,0.38461538461538464,0.16666666666666666,23,Woman,,Female,,Master degree or higher,5,5,5,4,i use the probability mechanism ,its was a fun and educative 
106,x1u5ouldx8j9kj4kkrdz8ox9,4.0,1.0,2.0,5.0,2.0,4.0,3.0,2.0,2.0,3.0,2.0,1.0,0.0,0.38461538461538464,0.5833333333333334,1.0,1.0,1.0,3.0,1.0,1.0,4.0,2.0,0.0,4.0,1.0,4.0,3.0,0.46153846153846156,0.08333333333333333,2.0,2.0,1.0,3.0,1.0,1.0,2.0,4.0,4.0,3.0,2.0,3.0,3.0,0.3076923076923077,0.4166666666666667,31,Woman,,Female,,Bachelor degree,2,5,4,5,NO. JUST TIME MANAGEMNENT,NO
107,x4vqlchrblkqrwq59zwlqntk,2.0,2.0,3.0,5.0,3.0,4.0,3.0,1.0,2.0,3.0,3.0,2.0,3.0,0.46153846153846156,0.5833333333333334,2.0,1.0,3.0,2.0,2.0,3.0,4.0,2.0,0.0,3.0,4.0,4.0,2.0,0.38461538461538464,0.4166666666666667,2.0,3.0,1.0,3.0,3.0,1.0,1.0,4.0,3.0,2.0,1.0,3.0,1.0,0.38461538461538464,0.3333333333333333,19,Man,,Male,,Some college,3,5,3,3,Count the ten seconds assigned for room choice in my head,
108,xigmql2dt4ix3glbbpvvh089,3.0,2.0,3.0,3.0,2.0,2.0,3.0,3.0,2.0,1.0,2.0,3.0,2.0,0.46153846153846156,0.75,3.0,4.0,3.0,2.0,3.0,3.0,4.0,3.0,2.0,4.0,4.0,3.0,3.0,0.5384615384615384,0.6666666666666666,0.0,1.0,0.0,1.0,0.0,1.0,0.0,4.0,2.0,1.0,1.0,1.0,1.0,0.5384615384615384,0.5833333333333334,44,Man,,Male,,Some college,2,4,3,3,,
109,xluilv1yrj84gzf75t8oizp1,4.0,2.0,1.0,5.0,3.0,5.0,5.0,3.0,3.0,4.0,4.0,2.0,3.0,0.3076923076923077,0.25,1.0,1.0,2.0,3.0,1.0,3.0,4.0,3.0,0.0,3.0,1.0,4.0,1.0,0.38461538461538464,0.3333333333333333,1.0,1.0,2.0,3.0,3.0,1.0,1.0,4.0,2.0,1.0,1.0,3.0,2.0,0.46153846153846156,0.3333333333333333,35,Woman,,Female,,Master degree or higher,4,5,4,5,Just i focused on choosing a room with maximum probibility for gold ,
110,xyuz4y6z6oru3r5isekjlw5o,4.0,5.0,2.0,5.0,1.0,2.0,4.0,1.0,2.0,4.0,5.0,2.0,0.0,0.3076923076923077,0.3333333333333333,NaN,NaN,NaN,NaN,NaN,NaN,NaN,NaN,NaN,NaN,NaN,NaN,NaN,1.0,0.0,NaN,NaN,NaN,NaN,NaN,NaN,NaN,NaN,NaN,NaN,NaN,NaN,NaN,1.0,0.0,30,Woman,,Female,,Associate degree,3,5,5,1,,
111,xz3sl8gcx2g9wwcjgidzjnk9,5.0,2.0,4.0,5.0,3.0,5.0,2.0,2.0,3.0,5.0,4.0,3.0,3.0,0.3076923076923077,0.3333333333333333,4.0,2.0,0.0,2.0,0.0,2.0,4.0,3.0,0.0,5.0,3.0,5.0,3.0,0.23076923076923078,0.08333333333333333,4.0,4.0,4.0,4.0,4.0,4.0,4.0,4.0,4.0,3.0,2.0,3.0,3.0,0.6923076923076923,0.25,23,Woman,,Female,,Bachelor degree,1,5,5,5,jot down things on my diary,
112,y5ir56mvcxpdb7ugchyn9bgj,5.0,2.0,1.0,5.0,3.0,3.0,2.0,2.0,3.0,5.0,2.0,1.0,2.0,0.38461538461538464,0.4166666666666667,4.0,2.0,3.0,3.0,1.0,3.0,3.0,2.0,0.0,5.0,3.0,4.0,0.0,0.38461538461538464,0.25,1.0,3.0,3.0,2.0,1.0,3.0,3.0,4.0,2.0,1.0,2.0,1.0,1.0,0.38461538461538464,0.5,41,Woman,,Female,,Master degree or higher,2,5,3,1,"Yes, I tried to assess which room had the most 'dead cert' options for example I'd choose one with tmore actions that single outcome pathways than those that had lots of 1 in 3 or 1 in 2 outcome pathways.",fun game
113,z9elxa3f2yjllrqj2xep3ros,4.0,2.0,1.0,5.0,1.0,4.0,2.0,1.0,1.0,1.0,3.0,1.0,1.0,0.5384615384615384,0.16666666666666666,3.0,2.0,2.0,4.0,4.0,3.0,4.0,4.0,0.0,5.0,3.0,4.0,3.0,0.38461538461538464,0.4166666666666667,2.0,4.0,3.0,3.0,2.0,1.0,0.0,4.0,3.0,3.0,1.0,4.0,0.0,0.3076923076923077,0.4166666666666667,42,Woman,,Female,,Some college,5,5,4,5,I just tried to asses which would cover the most amount of spaces with the least amount of chance.,"Everything went well, thank you."
114,zgz05ebk7nj2b32jhkdko1ma,5.0,3.0,2.0,5.0,4.0,5.0,3.0,2.0,4.0,2.0,3.0,0.0,3.0,0.3076923076923077,0.4166666666666667,1.0,2.0,0.0,2.0,0.0,3.0,5.0,1.0,1.0,5.0,0.0,5.0,3.0,0.23076923076923078,0.08333333333333333,3.0,4.0,2.0,4.0,4.0,1.0,1.0,4.0,3.0,4.0,2.0,3.0,3.0,0.38461538461538464,0.3333333333333333,30,Woman,,Female,,Bachelor degree,2,5,4,5,"I didn't use any strategy, I just focused on the given instruction ",No comments
115,zjdg9y72cs33nw5emk7tpfeq,1.0,0.0,1.0,5.0,5.0,5.0,5.0,1.0,1.0,5.0,2.0,0.0,0.0,0.38461538461538464,0.16666666666666666,0.0,0.0,0.0,0.0,0.0,5.0,5.0,0.0,0.0,5.0,1.0,5.0,1.0,0.5384615384615384,0.0,4.0,3.0,2.0,4.0,2.0,0.0,0.0,4.0,3.0,1.0,0.0,3.0,4.0,0.3076923076923077,0.4166666666666667,27,Man,,Male,,Bachelor degree,3,5,4,4,I tried to choose the room which gave me the best probabilities of collecting the coin! ,The study was very interesting and fun to complete!
116,zrbdtns7f05lblw9i8kdctvr,3.0,1.0,2.0,5.0,0.0,4.0,0.0,2.0,1.0,3.0,2.0,1.0,0.0,0.23076923076923078,0.4166666666666667,1.0,1.0,2.0,0.0,0.0,3.0,3.0,2.0,0.0,3.0,1.0,3.0,1.0,0.3076923076923077,0.16666666666666666,2.0,3.0,1.0,3.0,0.0,0.0,1.0,4.0,4.0,1.0,0.0,3.0,1.0,0.3076923076923077,0.25,46,Man,,Male,,High school,3,5,3,3,I used information mostly what has being given before the study started.,Thank You!Was interesting study.
