ID,subject,GB_condition,inst1_RT,inst2_RT,inst3_RT,inst4_RT,inst5_RT,comprehension1_RT,comprehension1_error,comprehension2_RT,comprehension2_error,comprehension3_RT,comprehension3_error,gold_practice_successrate,bomb_practice_successrate,room1preference,room1preference_gold,action_repeating_gold,choice_consistency_gold,selection_mRT_gold,selection_dRT_gold,selection_timeout_gold,room1preference_bomb,action_repeating_bomb,choice_consistency_bomb,selection_mRT_bomb,selection_dRT_bomb,selection_timeout_bomb,skip_survey,attention_check_fail,straightlining,zigzagging,collected_gold,collected_bomb,task_outliers,survey_outliers,outliers
00r4qa1apg61e9jrg8f7dmym,1,1,45.028,17.681,86.24,31.625,42.188,14.84,2,32.916,3,15.59,0,1.0,1.0,0.96875,0.9375,0.521,0.917,2.11314,0.9669,1,1.0,0.451,0.944,1.65588,0.81688,0,0,0,0.35897435897435903,0.3611111111111111,42.875,28.125,false,false,false
01z6l1ieafq2fmtibm2ixuad,2,0,165.302,63.74,114.311,33.068,50.128,48.465,2,51.541,0,33.531,1,0.875,1.0,1.0,1.0,0.577,0.944,2.95536,1.78031,0,1.0,0.479,0.889,3.84699,1.76291,0,0,0,0.5384615384615384,0.3611111111111111,45.833333333333336,26.166666666666668,false,false,false
08jos05kd4o9ze7ns929qyaa,3,0,102.185,61.648,90.788,30.747,43.498,29.09,3,19.949,2,15.968,0,0.375,0.5,0.46875,0.5,1.0,0.0,0.75082,0.60256,0,0.4375,0.732,0.472,0.80747,0.60771,0,0,3,0.43589743589743596,0.75,36.5,36.5,true,true,true
09ym7c77o609ux5ev1uxznko,4,0,119.556,41.357,101.02,29.357,60.654,22.008,0,56.321,2,40.352,1,1.0,0.875,0.5625,0.75,0.493,0.917,2.18411,0.87222,0,0.375,0.493,0.889,2.36186,0.84682,0,0,0,0.5641025641025641,0.3611111111111111,40.5,37.5,true,false,true
0diycao0zkx05yjcjnnspdbd,5,1,118.311,59.0,102.748,31.362,70.596,22.363,0,41.244,1,51.527,4,1.0,1.0,0.8125,0.6875,0.352,0.806,2.76375,1.52196,0,0.9375,0.521,0.833,2.05613,1.71392,0,0,0,0.5897435897435898,0.08333333333333333,39.333333333333336,28.25,true,false,true
0jctvqmffw0yi2l0p0oazcld,6,1,101.339,30.661,80.788,35.149,41.084,25.984,0,41.685,2,31.11,3,0.75,1.0,0.96875,0.9375,0.577,0.639,2.21428,0.89952,0,1.0,0.451,0.806,1.56203,0.74492,0,0,0,0.3333333333333333,0.25,40.5,30.5,false,false,false
0l91h0dnvm4hrihd8zam42hg,7,1,234.514,187.391,180.02,165.374,1935.372,52.32,4,39.306,2,59.816,5,0.75,0.875,0.5625,0.5,0.423,0.833,3.34127,1.84035,2,0.625,0.507,0.722,3.03941,2.06723,3,14,2,0.5384615384615384,0.3055555555555556,35.0,33.0,true,true,true
0qrxuph0uq6j2wnoo2s1eyn1,8,1,71.145,23.144,75.646,24.623,42.873,25.023,0,34.846,0,19.67,0,1.0,1.0,1.0,1.0,0.451,0.833,3.30538,1.76883,1,1.0,0.451,0.944,2.15062,1.16879,0,0,0,0.358974358974359,0.4444444444444445,44.25,27.625,false,false,false
0rys001793r32lrkad711qam,9,0,119.276,59.48,115.88,28.511,71.912,42.565,1,67.891,2,37.927,1,1.0,1.0,0.90625,1.0,0.535,0.861,1.81249,0.49446,0,0.8125,0.493,0.694,2.15915,0.8951,1,0,0,0.3333333333333333,0.27777777777777773,43.833333333333336,31.166666666666668,false,false,false
0t11mhdwjavq8tbfv19dkbuu,10,0,138.085,95.308,114.557,28.963,47.452,35.395,2,67.121,1,52.211,3,1.0,1.0,0.84375,1.0,0.451,0.833,2.38506,1.34683,0,0.6875,0.521,0.444,3.58007,2.40897,0,2,1,0.4358974358974359,0.5,43.333333333333336,32.666666666666664,true,true,true
0vho3pad7lzp4gwc71lsyrqu,11,0,242.833,161.117,189.864,52.919,73.905,53.153,1,75.85,4,47.154,2,1.0,1.0,0.9375,0.9375,0.451,0.722,2.89585,1.23539,0,0.9375,0.479,0.694,2.51575,0.79698,0,0,0,0.4102564102564103,0.19444444444444445,42.333333333333336,29.666666666666668,false,false,false
0vkkl6utxtpiyqj820s61j7l,12,0,214.499,24.234,84.997,19.569,8.898,31.65,0,34.922,5,12.546,5,0.875,1.0,0.4375,0.4375,0.789,0.444,0.53314,0.53256,0,0.4375,0.789,0.444,1.10365,1.45664,0,0,0,0.4615384615384615,0.19444444444444442,36.833333333333336,36.375,true,false,true
0x1u9mvf5b3qgaeqrecushkc,13,0,101.938,62.623,134.71,36.749,56.915,61.79,0,64.293,2,28.227,0,1.0,1.0,1.0,1.0,0.521,0.861,1.95599,0.86391,0,1.0,0.507,0.75,2.67129,0.96528,0,0,0,0.38461538461538464,0.3611111111111111,43.75,28.5,false,false,false
10d1scj2yhfdznpvnkk2njcp,14,0,506.761,161.698,268.212,74.938,145.853,127.628,3,101.177,2,72.235,2,0.875,0.75,0.40625,0.5,0.535,0.944,3.28525,1.15419,0,0.3125,0.507,0.389,4.63601,1.44779,2,0,2,0.5641025641025642,0.13888888888888887,35.833333333333336,35.166666666666664,true,true,true
141f6wp0ey43qrktvafg0fgs,15,1,225.493,78.39,191.955,86.822,160.326,60.071,2,58.615,2,60.051,2,1.0,1.0,0.53125,0.3125,0.62,0.75,4.02788,1.90482,0,0.75,0.38,0.389,3.25976,1.50853,0,24,1,0.7435897435897436,0.13888888888888887,34.0,34.5,true,true,true
142nbd2mfnoo8yydb60i4u22,16,1,216.382,62.277,105.197,83.123,134.179,22.987,0,42.685,3,37.788,4,0.75,1.0,0.5625,0.6875,0.592,0.778,1.68154,0.48175,0,0.4375,0.521,0.694,1.76529,0.84256,0,9,0,0.4102564102564103,0.38888888888888884,39.5,35.625,true,true,true
14ilsxjr2lu5tkf3gfvbsge6,17,0,68.93,38.27,71.262,25.657,34.336,29.143,0,44.716,2,37.375,3,1.0,1.0,0.65625,0.6875,0.648,0.75,2.41253,1.09814,0,0.625,0.479,0.778,3.05948,1.44882,1,0,1,0.38461538461538464,0.4444444444444445,38.625,32.375,true,false,true
1dlnxvetpl49rpzzy1fv32pp,18,1,213.361,102.64,287.544,78.862,110.797,119.574,1,99.732,5,85.264,5,0.75,1.0,0.5,0.3125,0.507,0.639,3.73876,1.26612,0,0.6875,0.479,0.639,3.03686,0.76424,0,0,0,0.4615384615384615,0.24999999999999997,35.333333333333336,35.625,true,false,true
1ftlzu69t0bsqtcdadct6rv6,19,0,253.336,109.632,245.772,65.32,160.092,56.73,2,61.248,4,44.179,4,0.875,1.0,0.375,0.4375,0.465,0.667,2.96669,0.82677,0,0.3125,0.451,0.5,2.35089,1.27546,0,0,0,0.4615384615384615,0.16666666666666666,33.5,37.0,true,false,true
1kym24g8q4v78oufdlabefsr,20,0,406.29,75.135,42.685,16.403,38.741,69.004,4,79.712,3,24.627,2,0.25,0.5,0.75,0.625,0.507,0.472,1.89139,1.30438,0,0.875,0.521,0.528,2.20183,1.4678,1,0,2,0.4358974358974359,0.3055555555555555,37.333333333333336,31.666666666666668,true,true,true
1oleffyf1ioola20zjs2d10v,21,1,17.516,6.254,18.59,18.248,12.227,18.971,3,12.668,2,14.025,1,0.875,1.0,0.59375,0.6875,0.676,0.556,1.44625,1.59489,0,0.5,0.634,0.389,1.3481,1.0754,0,0,0,0.5641025641025642,0.4444444444444444,38.875,36.25,true,false,true
1ou8460xpv2bxrfiqhkb1f89,22,0,13.136,219.269,953.544,11.003,15.844,29.66,2,26.728,4,18.091,4,0.5,0.5,0.53125,0.5,0.507,0.583,1.49932,0.62982,0,0.5625,0.366,0.472,1.68488,0.70878,0,0,0,0.3076923076923077,0.5833333333333334,37.0,36.125,true,false,true
1watgav010t0fb5zs6g2f7z5,23,1,188.577,69.059,143.096,49.785,90.175,69.269,2,70.482,3,68.378,3,0.875,1.0,0.75,0.75,0.493,0.556,3.2035,1.04301,0,0.75,0.423,0.639,2.6419,1.38848,0,0,0,0.4102564102564103,0.3055555555555556,37.875,32.125,false,false,false
24l42tipwc7fxg7cdybzhjr7,24,0,12.173,3.921,8.755,5.021,16.297,13.366,3,80.266,3,26.322,2,0.75,0.375,0.78125,0.875,0.577,0.694,2.80522,1.68586,4,0.6875,0.62,0.75,2.89486,1.61714,2,0,1,0.5641025641025641,0.5833333333333334,36.875,32.291666666666664,true,false,true
2ldfj93nqx9izj2h2bnuqzqm,25,1,153.961,34.413,152.451,34.152,56.229,49.072,1,56.296,5,27.551,3,0.75,0.75,0.75,0.75,0.521,0.75,2.11683,0.80861,0,0.75,0.451,0.528,1.78768,1.12316,0,0,1,0.4102564102564103,0.13888888888888887,41.0,30.25,false,false,false
2lso786uqyvtshuarz042209,26,0,120.118,55.717,130.344,30.984,91.663,45.043,0,41.561,0,28.476,0,1.0,0.875,0.96875,1.0,0.563,0.889,1.80482,0.57078,0,0.9375,0.493,0.806,2.16403,0.59537,0,0,0,0.4871794871794872,0.2777777777777778,46.583333333333336,29.416666666666668,false,false,false
2ot0qc6hureqomswhd92myip,27,0,652.521,129.024,458.005,62.187,95.063,93.713,2,68.826,3,52.579,2,0.875,0.5,0.1875,0.1875,0.38,0.556,2.11967,0.63784,0,0.1875,0.493,0.611,3.09722,1.33095,0,0,0,0.4871794871794872,0.3333333333333333,33.833333333333336,39.166666666666664,true,false,true
2qe76t7fdld6kkepq8mtq2cm,28,0,84.746,58.625,154.74,24.383,53.882,33.547,2,61.747,1,39.74,2,1.0,1.0,0.84375,1.0,0.507,0.833,1.48226,0.83369,0,0.6875,0.676,0.444,1.24204,0.75333,0,0,0,0.35897435897435903,0.36111111111111116,42.333333333333336,32.75,true,false,true
3675zfpddhg175rs0lrdzpmn,29,1,362.411,125.28,217.954,65.82,188.935,80.634,2,52.98,3,45.456,3,0.875,0.75,0.34375,0.5,0.577,0.639,2.31514,0.89304,1,0.1875,0.479,0.5,2.99671,1.3774,0,0,3,0.4615384615384615,0.19444444444444442,37.333333333333336,39.416666666666664,true,true,true
37847poimwfwzohx5jfmq147,30,1,136.646,45.346,124.016,78.874,75.079,43.586,1,63.105,2,25.149,0,1.0,1.0,1.0,1.0,0.493,0.778,5.41368,2.03377,1,1.0,0.592,0.917,3.24497,1.28394,0,0,0,0.4102564102564103,0.3055555555555555,44.0,28.0,false,false,false
37nswnwy46uwdsdj13s8zg86,31,0,88.965,45.529,111.206,29.935,60.773,28.098,0,50.285,2,15.41,0,1.0,1.0,0.875,1.0,0.563,0.972,2.0255,0.93777,0,0.75,0.493,0.75,3.05421,1.7058,0,0,1,0.4102564102564103,0.5555555555555556,42.75,30.25,false,false,false
39ef3exo806wng94q2jts82i,32,0,377.85,223.294,284.501,100.83,153.483,71.677,1,102.154,4,80.954,4,1.0,1.0,0.5,0.625,0.479,0.861,2.26254,1.17413,0,0.375,0.507,0.667,3.55745,1.65123,1,0,0,0.38461538461538464,0.2222222222222222,36.66666666666667,36.33333333333333,true,false,true
3az9rbzv1hwg2s62q9891kkt,33,1,111.632,32.849,96.296,44.077,115.7,18.803,0,44.196,2,105.544,5,1.0,1.0,0.84375,0.6875,0.521,0.806,3.89911,1.83165,0,1.0,0.479,0.778,2.92401,1.60602,1,0,0,0.35897435897435903,0.47222222222222227,41.25,27.75,true,false,true
3azq6y5vlwy332bao0dxlmgk,34,1,193.046,159.25,136.035,86.83,72.315,47.427,1,45.107,3,35.805,3,0.875,1.0,0.75,0.6875,0.408,0.722,2.71067,0.77507,0,0.8125,0.423,0.667,2.34821,0.71511,0,0,0,0.3076923076923077,0.36111111111111116,39.5,30.25,true,false,true
3tfddj6qrtdfl9pfbckkq5h7,35,0,189.547,70.397,145.551,26.138,63.547,49.356,0,89.475,2,24.248,0,1.0,0.875,1.0,1.0,0.437,0.889,3.32079,1.98275,0,1.0,0.437,0.75,4.49392,2.03306,1,0,0,0.3333333333333333,0.3055555555555555,45.333333333333336,25.666666666666668,false,false,false
3xsit4k922drjugd9ai6j0e6,36,1,427.448,61.454,98.526,73.955,24.125,54.098,1,108.35,2,37.006,2,0.625,0.625,0.34375,0.1875,0.549,0.444,2.63254,2.0561,9,0.5,0.606,0.389,2.12598,1.35731,9,3,2,0.5897435897435898,0.3611111111111111,29.5,29.5,true,true,true
43jk4as9jm9fvs6g9ve7hq2n,37,0,207.522,87.165,194.933,54.401,41.041,38.759,0,71.983,0,22.355,0,1.0,1.0,1.0,1.0,0.451,0.889,2.18843,0.96778,0,1.0,0.465,0.889,2.84129,1.45519,0,0,0,0.4102564102564103,0.3611111111111111,45.333333333333336,28.625,false,false,false
44a5c849lbk62izbtq7x4nmt,38,1,61.113,26.78,81.431,35.526,58.595,39.184,1,28.042,1,33.209,2,1.0,1.0,0.78125,0.5625,0.493,0.889,2.08117,0.86248,0,1.0,0.521,0.861,1.78882,0.69229,0,0,0,0.4102564102564103,0.5,36.75,29.416666666666668,true,false,true
4drpg4ny6yh3r8hramvlsy0r,39,1,46.366,15.837,51.556,24.209,23.15,14.565,0,41.484,3,22.838,3,1.0,0.875,0.9375,0.875,0.507,0.75,2.15917,1.19666,0,1.0,0.493,0.778,1.63488,0.60888,0,0,0,0.35897435897435903,0.4166666666666667,41.875,28.25,false,false,false
4oa5y13wdgagy6fyxq9lsz2h,40,1,140.345,41.27,112.762,68.221,131.151,39.414,0,45.29,0,27.36,0,1.0,0.875,1.0,1.0,0.479,0.806,3.07081,0.99267,0,1.0,0.521,0.75,2.85731,1.21272,0,0,0,0.4615384615384615,0.4444444444444445,41.875,29.0,false,false,false
4u4v5jcwvpmpdsub6w29bsmt,41,0,152.225,289.034,85.173,28.922,56.652,47.768,0,43.382,3,19.427,1,1.0,0.875,0.3125,0.25,0.465,0.75,1.74958,0.60724,0,0.375,0.549,0.583,2.06675,1.10422,0,0,0,0.3076923076923077,0.3333333333333333,33.5,37.0,true,false,true
508bqqm4tz3xyx3jivi4d55g,42,0,121.691,62.702,142.313,23.45,62.183,43.303,0,66.29,2,21.706,0,1.0,1.0,0.96875,0.9375,0.62,0.694,1.19058,0.67068,0,1.0,0.437,0.694,2.56821,1.62908,1,0,0,0.5128205128205129,0.38888888888888884,44.5,29.666666666666668,false,false,false
50uphcwkodknbt3pm70l1017,43,1,139.669,49.451,77.406,16.42,20.616,50.73,9,29.87,1,27.625,3,1.0,0.75,0.5,0.625,0.592,0.417,0.98065,0.53755,0,0.375,0.38,0.389,1.14654,0.75297,0,0,1,0.4102564102564103,0.13888888888888887,38.875,36.125,true,false,true
513fz7u5tglztkj2iakdtj0t,44,0,264.947,74.899,172.29,48.34,126.552,70.355,3,74.106,2,74.888,2,1.0,1.0,0.625,0.5625,0.408,0.694,4.44487,1.59391,0,0.6875,0.394,0.583,4.63089,1.89873,0,2,1,0.4358974358974359,0.4444444444444444,38.25,32.5,true,true,true
5bf41pbtvzig9rdcr1rqyc8c,45,0,836.536,1348.708,168.187,28.382,42.008,39.16,4,38.926,3,21.151,0,0.75,0.5,0.0,0.0,0.408,0.722,1.72237,0.53536,2,0.0,0.451,0.556,2.7667,1.24672,1,0,0,0.38461538461538464,0.27777777777777773,32.66666666666667,40.291666666666664,true,false,true
5cxostrdif2rh04z0jj443aq,46,1,509.684,95.928,270.14,157.627,183.738,59.815,3,96.742,2,117.614,2,0.875,0.75,0.5,0.375,0.493,0.583,3.03986,0.97147,0,0.625,0.465,0.611,3.42557,1.43698,0,0,0,0.4358974358974359,0.27777777777777773,32.75,35.0,true,false,true
5gywq7w36dz7gbp0kdf4zq8z,47,0,146.032,74.535,154.317,51.639,94.407,59.53,0,119.814,2,48.645,2,1.0,1.0,0.96875,1.0,0.507,0.861,2.11051,0.9966,1,0.9375,0.549,0.889,3.62678,2.17465,0,0,0,0.4871794871794872,0.27777777777777773,42.75,30.25,false,false,false
5mok2ydlnpnj9p29sy826k68,48,0,176.201,133.237,231.67,38.844,71.472,51.156,0,265.266,4,21.448,2,1.0,1.0,1.0,1.0,0.563,0.889,1.36594,0.54577,0,1.0,0.592,0.833,3.39214,1.61156,0,0,0,0.3333333333333333,0.3333333333333333,41.25,27.75,false,false,false
5od96fyd72ogf3d0u9vh0idw,49,1,147.328,200.064,118.76,46.715,55.721,91.079,2,41.374,2,51.082,4,0.25,0.125,0.40625,0.4375,0.507,0.806,3.20415,1.59089,1,0.375,0.479,0.611,1.88774,0.77019,0,0,1,0.4871794871794872,0.13888888888888887,36.75,35.5,true,false,true
5qnd9pbcwxjiubftvd2fszia,50,1,102.274,36.086,63.886,28.426,38.297,36.749,1,49.266,4,34.978,3,0.75,1.0,0.40625,0.25,0.563,0.917,2.66207,1.30839,0,0.5625,0.507,0.944,1.97086,0.89898,0,0,1,0.4358974358974359,0.2777777777777778,34.75,35.25,true,false,true
67nkvgh23zd23ctmx9w4xxgs,51,1,86.182,30.135,96.267,33.925,167.572,20.837,0,42.51,0,20.357,0,1.0,1.0,1.0,1.0,0.38,0.944,2.46604,1.13746,0,1.0,0.423,0.944,2.15539,1.04221,0,0,0,0.358974358974359,0.36111111111111116,41.583333333333336,29.416666666666668,false,false,false
6ajv6ijg9d0elvz7togvi2u5,52,0,435.56,110.972,189.294,52.502,77.737,154.992,3,91.174,1,68.12,2,1.0,1.0,0.3125,0.3125,0.577,0.806,2.54262,1.10353,0,0.3125,0.521,0.528,3.1947,1.47338,1,10,0,0.4358974358974359,0.3055555555555556,35.75,38.25,true,true,true
6cj84p9w1gjdnfno8f7devqh,53,1,153.02,61.471,123.664,50.712,90.202,37.606,1,96.957,3,55.297,1,1.0,1.0,0.875,0.75,0.521,0.667,4.67149,1.33942,1,1.0,0.521,0.917,2.54781,1.16617,0,0,1,0.4102564102564103,0.47222222222222227,38.833333333333336,29.166666666666668,false,false,false
6fyhl8wkzhecl48hbnirdfvw,54,0,396.405,27.346,97.948,25.096,53.375,34.792,2,28.855,1,25.391,2,1.0,0.75,1.0,1.0,0.394,0.889,2.84179,1.79512,0,1.0,0.521,0.889,2.73128,1.15396,0,0,0,0.4615384615384615,0.4166666666666667,42.708333333333336,30.291666666666668,false,false,false
6k4b4q5uitnyv3emb8saik9p,55,0,159.816,81.865,140.088,27.141,58.061,45.289,3,36.905,4,28.463,3,1.0,0.75,0.75,0.75,0.437,0.889,3.45829,1.43054,0,0.75,0.465,0.639,3.76928,1.87635,1,4,2,0.4102564102564103,0.2777777777777778,42.5,30.5,false,true,true
6l41jlt7la1lpjwa3sojmg2h,56,0,79.891,45.478,79.962,33.806,62.099,30.987,1,58.934,3,31.631,0,1.0,1.0,1.0,1.0,0.549,0.667,2.40886,1.62609,0,1.0,0.479,0.722,3.02904,1.44672,0,0,0,0.3846153846153846,0.47222222222222215,42.875,30.125,false,false,false
6u2ttyl79s0dld51lul8j3cp,57,1,211.954,222.246,278.309,78.313,174.594,30.405,0,86.972,1,28.507,0,1.0,1.0,1.0,1.0,0.493,0.972,3.09147,1.53753,0,1.0,0.493,1.0,2.18181,0.90829,0,0,1,0.4102564102564103,0.4166666666666667,45.5,26.5,false,false,false
6v0x0pd0cgqrl8dlr4iqmsmw,58,1,322.428,117.068,150.894,58.299,355.463,69.375,2,50.695,4,46.1,3,0.5,1.0,0.375,0.125,0.606,0.75,2.5365,1.61388,0,0.625,0.479,0.528,2.58663,1.24581,0,0,0,0.4615384615384615,0.3055555555555556,32.875,34.125,true,false,true
70sue9g8ijqoxcge4z9enapi,59,0,184.267,66.349,158.065,29.642,71.135,133.556,0,183.383,2,30.638,1,1.0,1.0,1.0,1.0,0.493,0.778,1.8326,0.51869,0,1.0,0.451,0.861,2.35296,1.20188,1,0,0,0.358974358974359,0.3055555555555555,41.833333333333336,29.166666666666668,false,false,false
72u4uqmcxn1pbvsul6x0d90n,60,0,146.308,93.397,145.638,50.227,104.663,24.457,1,77.373,4,37.094,1,1.0,1.0,1.0,1.0,0.394,0.889,4.05692,1.95043,1,1.0,0.479,0.722,4.63461,2.36335,1,0,0,0.4615384615384615,0.5,45.0,27.0,false,false,false
7cttebe5hzo2kscvv4pim4jj,61,0,1048.963,337.812,215.234,30.257,44.439,54.889,2,56.675,5,35.814,5,0.75,1.0,0.65625,0.8125,0.338,0.556,2.25829,1.92734,0,0.5,0.38,0.417,2.38339,1.3249,1,0,0,0.4102564102564103,0.3055555555555555,40.75,35.625,true,false,true
7dpvav4jhbmoyxcg430937go,62,0,984.856,292.335,616.118,110.266,208.656,224.032,1,113.732,4,51.686,2,0.625,0.75,0.40625,0.5,0.507,0.75,3.95328,1.56446,0,0.3125,0.423,0.667,5.31546,1.67298,3,0,0,0.3076923076923077,0.2222222222222222,37.875,33.25,true,false,true
7f5amljxhenkv3zj7tnx9am4,63,0,63.634,34.927,70.787,18.591,26.774,16.33,0,27.789,1,13.694,0,1.0,1.0,1.0,1.0,0.394,0.889,1.32806,0.41709,0,1.0,0.465,0.778,1.71162,0.79598,0,0,0,0.4102564102564103,0.47222222222222227,42.333333333333336,30.625,false,false,false
7k5tt8z992hmy5i17yesig9w,64,1,209.763,78.446,137.909,34.829,41.53,84.403,3,66.675,3,40.337,1,0.875,0.75,0.46875,0.1875,0.423,0.75,3.65444,1.45307,1,0.75,0.507,0.75,4.03931,1.7858,0,0,0,0.2820512820512821,0.3888888888888889,30.5,32.5,true,false,true
7k8tyrru9vszjufwpcpvsyvv,65,0,176.203,41.232,135.399,33.892,59.137,23.229,0,70.243,1,19.489,0,1.0,1.0,1.0,1.0,0.493,0.944,2.09965,1.39377,0,1.0,0.408,0.972,2.76439,1.65951,0,0,0,0.4871794871794872,0.5277777777777778,45.0,27.0,false,false,false
7qbtfwxuocuarh3go2y7vsvz,66,1,207.68,50.805,195.452,41.404,67.091,42.756,0,73.939,1,23.908,2,1.0,1.0,0.9375,0.9375,0.563,0.667,2.87761,1.17973,0,0.9375,0.394,0.778,2.94866,1.40021,1,0,1,0.358974358974359,0.36111111111111116,44.0,28.25,false,false,false
7vw31pox22ctzg4qihr5bt1b,67,1,85.68,28.038,115.23,97.347,91.093,56.566,1,30.133,0,30.407,0,1.0,1.0,1.0,1.0,0.549,0.833,2.34333,1.70876,0,1.0,0.451,0.861,1.59982,1.03074,1,0,0,0.38461538461538464,0.5277777777777778,43.5,26.5,false,false,false
7zjpmv5h3y1law2sxc1pm4rv,68,0,239.049,86.486,174.009,36.046,24.211,51.19,1,74.639,3,32.362,2,1.0,0.875,0.59375,0.625,0.437,0.917,2.22029,0.69324,0,0.5625,0.493,0.694,2.58839,1.00265,0,0,1,0.4102564102564103,0.5277777777777778,38.5,34.375,true,false,true
8694wx0ckn4wjefyb4sot5ku,69,1,316.323,9.96,172.992,9.15,7.558,13.938,0,65.711,3,12.556,2,0.5,1.0,0.4375,0.4375,0.718,0.472,1.26737,1.37346,2,0.4375,0.901,0.361,0.92204,0.83358,0,32,3,0.8717948717948718,0.05555555555555555,34.625,35.0,true,true,true
87l5qsetbqtvqgc1bvwnl0mi,70,1,15.131,163.185,51.728,27.143,14.507,17.016,0,37.54,1,14.824,0,0.75,0.875,0.40625,0.4375,0.479,0.778,3.25876,2.00275,4,0.375,0.437,0.528,4.32788,2.34312,7,1,0,0.4871794871794872,0.16666666666666666,34.75,31.25,true,true,true
8a6adch5qn34cea9mksjwbkz,71,0,66.281,25.477,47.92,18.883,39.593,20.324,1,20.697,1,16.372,1,1.0,0.75,1.0,1.0,0.507,0.861,1.30806,0.4573,0,1.0,0.479,0.75,1.73865,0.65409,0,0,0,0.358974358974359,0.4444444444444445,40.0,31.0,false,false,false
8c2kxm5ck5xswjkwh7e95d4l,72,0,304.912,118.299,215.772,77.887,259.641,50.049,0,104.164,2,67.488,1,1.0,1.0,0.96875,1.0,0.465,0.972,2.16833,1.08076,0,0.9375,0.535,0.806,3.29568,1.74891,0,0,0,0.4102564102564103,0.38888888888888884,43.833333333333336,30.166666666666668,false,false,false
8ctyx56jf3m1qsb60khp2s48,73,1,36.294,13.783,21.11,17.919,15.618,29.679,4,8.74,2,17.606,2,0.25,0.25,0.375,0.4375,0.577,0.417,0.94272,1.06291,1,0.3125,0.549,0.444,1.02367,1.0855,2,0,2,0.5128205128205129,0.5000000000000001,36.5,35.5,true,true,true
8h9kihv3knc2ssqr6vp07y5h,74,1,726.924,169.363,243.247,122.301,114.719,70.118,1,146.591,3,66.988,0,1.0,1.0,0.90625,1.0,0.451,0.75,3.18421,1.02677,0,0.8125,0.451,0.667,3.39476,1.40052,1,0,0,0.5128205128205128,0.25,41.375,31.625,false,false,false
8j480wnbsurtrl9r3vndsed6,75,0,275.377,85.869,167.336,63.198,114.192,65.204,1,76.021,1,50.377,2,1.0,1.0,0.1875,0.3125,0.366,0.722,4.20038,0.93943,0,0.0625,0.423,0.5,3.81372,0.94435,0,0,1,0.38461538461538464,0.16666666666666666,36.0,38.0,true,false,true
8n9z9v57c682qygf0unfrglb,76,1,134.831,94.03,114.725,101.539,151.532,35.358,2,37.244,3,78.62,6,0.5,0.625,0.78125,0.6875,0.521,0.917,3.80781,1.4871,0,0.875,0.437,0.75,4.35583,2.27382,3,9,0,0.358974358974359,0.4444444444444445,38.25,31.5,true,true,true
8yr1zszi5sbldshrxi927jgm,77,0,147.44,68.797,150.333,35.008,51.239,79.025,2,84.712,3,40.884,3,0.875,1.0,0.6875,1.0,0.423,0.75,2.69997,1.14323,0,0.375,0.408,0.611,3.81775,1.92392,3,0,0,0.3333333333333333,0.47222222222222227,43.833333333333336,33.166666666666664,true,false,true
8z183nu2vkhlo4v6ujcdmtme,78,0,125.794,84.263,169.485,53.664,78.653,85.75,1,92.998,2,44.985,2,1.0,1.0,1.0,1.0,0.521,0.889,1.91582,0.75188,0,1.0,0.563,0.917,2.69067,0.98493,0,0,0,0.2820512820512821,0.3888888888888889,40.833333333333336,32.16666666666667,false,false,false
8zeozaovrms8oyg3pn2x1u4d,79,0,96.978,61.321,119.865,76.185,74.456,30.548,0,52.953,0,31.628,0,1.0,0.875,1.0,1.0,0.577,0.944,2.92225,1.52484,0,1.0,0.577,0.944,4.18354,1.78562,0,0,0,0.2820512820512821,0.27777777777777773,44.833333333333336,27.166666666666668,false,false,false
92ftugqr8nrke2t9vcmfvc2a,80,0,191.792,82.375,182.645,62.476,92.343,51.216,0,69.659,2,33.316,0,1.0,1.0,1.0,1.0,0.465,0.861,2.74712,1.56801,0,1.0,0.507,0.778,3.27308,1.19776,0,0,0,0.358974358974359,0.3333333333333333,41.5,30.5,false,false,false
957o2cqg44oq1p5xu8re7hf0,81,0,76.2,46.59,92.992,41.26,62.406,30.386,0,78.362,3,55.147,1,1.0,0.875,0.96875,1.0,0.507,0.889,2.77351,1.5076,0,0.9375,0.451,0.75,3.36874,1.65329,0,0,0,0.4102564102564103,0.4166666666666667,43.0,30.0,false,false,false
95t4vzwbnwdoqdd0nwt1j1uy,82,0,130.619,50.817,105.977,32.944,56.487,35.189,2,40.25,2,37.188,1,1.0,1.0,0.8125,0.875,0.465,0.778,2.37914,1.00523,0,0.75,0.493,0.833,3.04785,1.24783,1,0,0,0.3333333333333333,0.19444444444444445,44.375,29.666666666666668,false,false,false
97urk15f4edjg6q8ikk3fvlv,83,0,174.605,123.548,153.239,87.213,69.784,57.762,0,135.548,2,30.782,1,1.0,1.0,1.0,1.0,0.479,0.694,3.68599,1.53234,0,1.0,0.493,0.667,4.09577,1.73788,3,0,0,0.5384615384615384,0.27777777777777773,42.0,28.0,false,false,false
980ma8d2byru5j83861h9x3s,84,0,309.371,98.352,279.882,72.688,45.661,153.255,2,78.236,2,48.609,2,0.25,0.375,0.21875,0.25,0.127,0.472,1.67228,0.52096,0,0.1875,0.268,0.639,1.76881,0.74848,0,5,0,0.5384615384615384,0.19444444444444442,34.583333333333336,38.416666666666664,true,true,true
9e6cge32fw9v7bcwzl1a3yfc,85,1,243.967,74.289,114.943,62.006,64.125,61.669,4,39.987,2,28.268,0,1.0,1.0,0.53125,0.5,0.493,0.806,2.95244,1.69062,0,0.5625,0.577,0.556,1.53406,0.8611,1,0,1,0.43589743589743596,0.13888888888888887,36.75,33.25,true,false,true
9oexteav193t7w9rnhvtvlb7,86,0,116.291,62.161,85.598,27.997,47.472,23.743,0,44.472,4,23.082,1,1.0,1.0,0.5625,0.625,0.423,0.778,1.86225,0.80904,0,0.5,0.549,0.583,2.08539,0.69934,1,0,0,0.5384615384615384,0.22222222222222224,39.375,34.75,true,false,true
9pv38atvh7zaag52pt3af06w,87,1,46.703,19.182,58.199,23.232,44.418,26.02,0,45.535,2,33.921,3,0.875,1.0,1.0,1.0,0.577,0.667,1.99654,1.56245,1,1.0,0.521,0.694,1.38057,0.8204,0,0,0,0.4615384615384615,0.3055555555555555,42.0,31.0,false,false,false
9pwdczlgoer5mef3aggimuiq,88,1,407.392,44.993,115.312,49.377,88.975,60.814,1,71.379,3,28.866,1,0.625,1.0,0.46875,0.375,0.408,0.806,2.53463,1.11747,1,0.5625,0.479,0.556,2.22441,1.41853,1,0,0,0.6153846153846154,0.08333333333333333,35.5,35.0,true,false,true
9q5tcl32tswpq4kk5xxii044,89,0,92.43,57.767,92.266,26.428,57.347,23.791,0,42.95,2,15.727,0,1.0,1.0,0.96875,1.0,0.465,0.833,1.90456,0.9874,0,0.9375,0.507,0.611,4.03529,1.8711,0,0,1,0.3846153846153846,0.3888888888888889,43.0,29.0,false,false,false
9wcz61k1256sucnhghng51pm,90,1,140.856,72.858,146.115,63.252,72.74,47.73,1,68.775,0,53.174,1,1.0,1.0,1.0,1.0,0.479,0.722,4.20211,1.05721,0,1.0,0.479,0.833,4.28613,1.41087,1,0,0,0.4358974358974359,0.38888888888888884,45.5,27.5,false,false,false
9ziowqckl54cnctywx72xgsr,91,1,181.926,39.154,86.143,40.24,54.942,24.229,0,48.635,4,23.938,2,1.0,1.0,0.78125,0.75,0.465,0.75,2.52726,1.09434,0,0.8125,0.366,0.722,2.42669,1.118,0,0,0,0.4358974358974359,0.05555555555555555,40.75,29.25,false,false,false
a5zp44hj8i46r9pb5wibv92f,92,0,237.11,97.69,204.841,57.228,143.089,70.487,2,66.437,2,35.52,2,0.75,0.625,0.71875,1.0,0.465,0.944,2.2696,0.70842,0,0.4375,0.479,0.694,3.12623,1.43969,1,0,1,0.4358974358974359,0.19444444444444442,44.875,34.125,true,false,true
a6673q1ldzxdlyhufryn3n8z,93,1,133.284,54.858,117.613,26.886,90.929,44.334,1,58.186,2,48.348,2,1.0,1.0,1.0,1.0,0.423,0.944,3.58353,1.55724,2,1.0,0.465,0.806,2.50297,0.79908,0,0,1,0.4871794871794872,0.3055555555555555,43.75,29.25,false,false,false
a6wmr9ddzmwtww418ff01men,94,0,48.513,26.265,80.094,19.678,35.933,29.215,1,35.43,2,23.219,3,1.0,1.0,1.0,1.0,0.437,0.889,1.27653,0.58061,0,1.0,0.493,0.889,1.57694,0.66781,0,0,0,0.5128205128205128,0.27777777777777773,44.333333333333336,26.666666666666668,false,false,false
aczpd0eczywpa1xw653bi3be,95,0,158.158,86.18,85.875,31.636,61.942,79.621,6,98.235,4,24.703,3,0.5,0.5,0.65625,0.9375,0.563,0.861,1.84344,0.98099,0,0.375,0.648,0.472,1.89545,1.54999,1,0,1,0.4358974358974359,0.22222222222222224,41.5,37.25,true,false,true
ajhx9uhos4rb23zqwarcw45k,96,1,219.573,106.357,226.245,95.964,193.4,61.043,1,81.193,0,68.717,2,1.0,1.0,0.84375,1.0,0.366,0.75,4.61631,1.6861,1,0.6875,0.479,0.944,4.91173,1.68649,1,0,1,0.3333333333333333,0.2777777777777778,41.0,30.0,true,false,true
amkwhz3b9hdhkpm4mlum8r58,97,1,153.288,43.59,152.885,51.365,103.847,40.399,0,109.415,1,59.082,1,1.0,1.0,1.0,1.0,0.423,0.694,5.80597,1.57883,1,1.0,0.423,0.889,4.55672,1.69914,0,0,0,0.4358974358974359,0.24999999999999997,42.0,28.0,false,false,false
ar18p8xsyvmp0xos3vtabkbn,98,1,165.308,52.806,144.328,67.193,72.603,58.278,2,70.315,3,102.082,0,1.0,1.0,1.0,1.0,0.451,0.861,3.00292,1.18181,0,1.0,0.423,0.917,2.81054,1.37841,0,0,1,0.5128205128205129,0.4444444444444445,44.0,26.0,false,false,false
auu1rvidcfeyhjydkoa2cg4c,99,1,124.022,40.882,88.698,56.124,20.789,39.005,3,33.532,2,38.712,4,0.625,0.875,0.3125,0.1875,0.577,0.806,1.46382,0.82107,0,0.4375,0.493,0.5,1.32293,0.82303,0,1,0,0.43589743589743596,0.36111111111111116,33.75,36.75,true,true,true
avgltsvd44f9fssvijy09639,100,1,500.316,108.408,192.642,122.026,316.38,62.115,3,83.883,4,110.06,3,0.75,0.75,0.875,0.9375,0.437,0.722,2.52428,0.95162,1,0.8125,0.507,0.778,2.68639,1.19877,1,0,0,0.4358974358974359,0.3333333333333333,39.75,33.25,false,false,false
b411q3pkn06dgonnjwny7gpj,101,1,176.015,67.782,172.63,54.269,96.784,65.279,2,42.534,1,33.079,3,1.0,1.0,0.4375,0.8125,0.394,0.667,3.0512,1.7695,1,0.0625,0.352,0.778,1.94107,0.87982,0,2,0,0.358974358974359,0.5833333333333334,37.0,40.125,true,true,true
ba2clk2uz9m75c43h8ar4kng,102,0,244.234,142.301,167.67,85.99,153.213,70.961,4,101.552,3,52.55,3,1.0,0.625,0.40625,0.375,0.521,0.722,3.06521,1.17099,0,0.4375,0.493,0.5,2.74776,1.34283,1,0,0,0.3846153846153846,0.38888888888888884,34.25,36.75,true,false,true
bbw2w7baim67ep9y41owzs4u,103,1,180.369,41.508,68.471,37.784,78.95,53.104,0,107.478,4,53.396,4,0.375,0.375,0.5625,0.5625,0.577,0.639,2.04076,1.53156,0,0.5625,0.493,0.472,2.08446,1.81302,0,0,0,0.4358974358974359,0.1111111111111111,38.708333333333336,35.416666666666664,true,false,true
bgo6gtllebhytle9rh24cpva,104,0,17.592,36.423,46.208,11.444,38.531,61.752,1,92.788,2,32.025,1,0.375,0.875,0.375,0.5,0.451,0.444,3.42102,1.88188,9,0.25,0.493,0.667,3.82456,1.90818,4,0,1,0.5897435897435898,0.05555555555555555,34.5,34.0,true,false,true
brpw6sxd7vtsp9sz2rg601h2,105,1,10.217,66.008,8.868,34.09,9.934,11.12,2,12.057,4,29.55,5,0.625,1.0,0.59375,0.5,0.662,0.417,0.92157,0.4457,0,0.6875,0.62,0.389,1.24028,0.62931,0,0,0,0.3333333333333333,0.13888888888888887,36.875,32.125,true,false,true
bs88u0ea65jyphpog8e10hf7,106,0,284.55,76.164,172.515,38.063,47.049,44.202,1,37.584,4,24.924,1,0.75,0.75,0.40625,0.4375,0.549,0.639,2.34017,0.98617,0,0.375,0.394,0.528,2.55227,1.50131,1,6,0,0.5897435897435898,0.19444444444444442,37.625,34.375,true,true,true
bu1n4n4g0a858i20h9nosgpw,107,1,241.983,81.381,212.88,124.029,134.157,122.18,0,99.326,3,97.82,5,1.0,1.0,0.8125,0.8125,0.676,0.583,2.88947,1.56467,0,0.8125,0.535,0.611,2.33863,1.46612,1,2,0,0.4615384615384615,0.3055555555555556,40.0,32.25,false,true,true
c1hovy4tjgnz8p6758u1bd08,108,1,317.389,70.107,323.836,80.187,163.201,71.472,1,169.031,3,46.813,0,1.0,1.0,1.0,1.0,0.521,0.806,3.92306,0.9756,0,1.0,0.577,0.833,3.71879,1.46178,0,0,0,0.4102564102564103,0.3611111111111111,41.875,29.125,false,false,false
c3vipvagh2sceikzduhlzkjt,109,1,92.786,32.943,115.778,50.524,74.118,35.945,2,43.683,2,39.087,5,1.0,1.0,0.59375,0.5625,0.451,0.833,1.91904,1.04259,1,0.625,0.408,0.889,1.52671,0.38604,0,0,0,0.4102564102564103,0.3333333333333333,36.5,34.5,true,false,true
c7kaykozckso1ozbt0qo5dd4,110,0,781.628,566.509,336.173,145.025,165.09,67.437,0,123.681,1,68.682,0,0.875,1.0,1.0,1.0,0.521,0.806,3.90088,1.94587,0,1.0,0.451,0.806,4.59754,1.81138,0,0,0,0.3846153846153846,0.2222222222222222,43.833333333333336,29.166666666666668,false,false,false
c7nviesb85wq0rnqw2h3sbf4,111,1,123.465,42.015,99.799,38.032,37.608,41.327,3,43.855,2,25.375,1,1.0,1.0,0.96875,1.0,0.549,0.778,2.40231,1.28527,1,0.9375,0.493,0.667,2.16982,1.17845,0,0,0,0.5384615384615384,0.13888888888888887,43.0,31.166666666666668,false,false,false
cfy53youjmwzf6jk0y98c2fn,112,0,55.846,42.532,135.416,44.977,39.53,21.714,0,32.111,1,12.46,1,1.0,1.0,0.96875,0.9375,0.408,0.861,2.0384,1.42473,0,1.0,0.521,0.833,3.07986,1.88454,1,1,0,0.5128205128205129,0.3333333333333333,40.75,29.25,false,true,true
co3f0qgwfms8bec6xujw2btq,113,0,231.703,52.413,105.652,18.976,69.334,39.543,0,50.104,3,25.113,1,1.0,1.0,0.875,0.875,0.62,0.833,1.53479,0.91919,0,0.875,0.535,0.722,1.78871,1.27813,0,0,0,0.6666666666666666,0.19444444444444442,40.333333333333336,30.666666666666668,false,false,false
cq49v67bjulrphu1dyovwoso,114,0,271.429,140.465,102.521,49.678,88.785,43.705,0,161.111,4,58.907,3,0.875,1.0,0.65625,0.625,0.634,0.778,3.47688,1.2835,0,0.6875,0.38,0.528,3.65307,1.31081,1,0,1,0.4102564102564103,0.47222222222222227,38.75,33.0,true,false,true
cqri7vk3me112ul1q04mh26o,115,0,151.263,53.903,52.525,1108.163,12.009,29.231,3,13.898,7,17.833,4,0.125,0.25,0.5625,0.5,0.141,0.5,1.07121,0.85947,1,0.625,0.239,0.472,1.89107,1.61518,3,0,3,0.5384615384615384,0.6388888888888888,34.625,33.375,true,true,true
d17nd7j72gqd258yqzcigowy,116,1,215.437,65.713,276.857,61.156,100.514,33.476,0,53.567,0,31.659,0,1.0,1.0,1.0,1.0,0.366,0.75,4.11944,2.32263,0,1.0,0.451,0.778,2.38444,1.38726,0,0,0,0.4102564102564103,0.3055555555555555,43.0,28.0,false,false,false
d3cb197jumyltspud39fmzqj,117,1,146.327,69.137,219.117,62.159,34.985,138.89,1,24.509,5,19.704,2,0.875,0.375,0.5625,0.625,0.197,0.556,1.85443,1.61584,2,0.5,0.225,0.5,2.02926,1.78297,0,3,0,0.4102564102564103,0.5277777777777778,37.75,36.25,true,true,true
d5jnitvd7scz87dzu7rd7oui,118,0,159.78,64.178,153.253,56.425,59.764,57.713,3,93.155,3,60.62,4,1.0,1.0,0.90625,1.0,0.479,0.75,2.60306,1.16673,0,0.8125,0.437,0.5,2.63666,1.27317,2,2,0,0.4358974358974359,0.27777777777777773,40.333333333333336,32.416666666666664,false,true,true
d7lu3eo7x3rbowlm3yxrr3yp,119,1,38.23,16.032,38.53,22.29,31.811,16.876,2,24.043,4,12.074,0,0.5,0.625,0.25,0.25,0.563,0.778,1.54204,0.57751,0,0.25,0.634,0.694,1.13997,0.70486,0,0,0,0.3333333333333333,0.36111111111111116,33.5,38.25,true,false,true
dcyonsavfp4f4curqchsxabh,120,0,262.125,96.414,147.08,51.547,81.627,78.775,0,107.668,2,72.696,3,0.875,1.0,0.28125,0.3125,0.465,0.889,2.90236,1.43577,0,0.25,0.408,0.5,3.08616,1.23861,2,0,0,0.3333333333333333,0.2222222222222222,33.75,36.0,true,false,true
deyh1tkkgg644plpytede5tj,121,0,147.116,60.794,177.358,52.509,117.77,33.304,0,95.564,5,57.674,2,1.0,1.0,0.53125,0.625,0.451,0.583,3.25839,0.53743,0,0.4375,0.507,0.528,3.46078,0.7405,0,0,0,0.4358974358974359,0.3888888888888889,38.75,37.25,true,false,true
dil5wd2jz3d7izlpu00krths,122,0,24.446,44.676,28.144,8.095,16.185,30.564,3,21.408,2,21.537,1,1.0,1.0,0.5625,0.5625,0.535,0.889,1.74807,0.50444,0,0.5625,0.479,0.639,2.09907,0.83162,0,0,0,0.38461538461538464,0.5833333333333334,38.5,34.5,true,false,true
dkqbuq9qcrfb79e4lq5fcv0g,123,1,344.702,117.875,193.483,92.854,105.178,66.523,2,77.536,4,74.547,1,0.125,0.375,0.5625,0.5625,0.479,0.778,2.01223,0.6881,1,0.5625,0.366,0.472,2.14994,0.75803,0,0,0,0.4102564102564103,0.19444444444444442,37.75,34.0,true,false,true
dofax4lvs8f8s7gnzh0q8oyn,124,0,126.813,60.697,125.125,31.291,61.188,60.36,0,60.364,1,25.295,0,1.0,1.0,1.0,1.0,0.465,0.861,2.9469,1.96318,0,1.0,0.507,0.806,3.90514,2.01378,1,0,0,0.43589743589743596,0.4166666666666667,44.0,28.0,false,false,false
du01hvioh055ijokozmn7qdr,125,0,84.66,42.342,189.226,31.057,76.563,58.251,1,48.514,3,25.016,1,0.875,0.875,1.0,1.0,0.535,0.833,2.89761,1.57079,0,1.0,0.577,0.722,3.66396,1.53056,3,0,1,0.4102564102564103,0.38888888888888884,43.75,27.25,false,false,false
du1d5jnkk2vgcxce6gut3bac,126,1,69.805,19.639,72.729,16.808,76.66,21.548,1,40.328,2,33.56,1,1.0,1.0,1.0,1.0,0.465,0.861,2.07039,1.55834,0,1.0,0.437,0.861,1.20571,0.62736,0,0,0,0.3333333333333333,0.25,41.5,29.5,false,false,false
dwgk0t5j3gbr18bke3cu8010,127,1,264.166,101.476,152.131,157.989,38.609,59.048,0,56.528,4,28.981,1,1.0,1.0,0.65625,0.8125,0.394,0.861,3.43562,1.5698,0,0.5,0.408,0.389,2.76567,1.53783,0,0,0,0.4615384615384615,0.19444444444444442,39.0,33.0,true,false,true
e0grohr20sho0bkm8gq03ust,128,1,80.197,33.151,94.864,35.169,52.893,26.079,0,26.652,0,21.734,0,1.0,1.0,1.0,1.0,0.479,0.861,2.56347,0.91914,0,1.0,0.479,0.917,1.88824,0.65471,0,0,0,0.4871794871794872,0.5,42.5,27.5,false,false,false
e1cmf2zq7804b9zteay8oug8,129,0,258.59,114.002,329.04,61.247,136.982,57.247,0,229.678,5,94.279,2,1.0,1.0,0.90625,1.0,0.423,0.833,2.19876,1.08607,0,0.8125,0.437,0.639,2.56286,0.86076,0,0,0,0.2820512820512821,0.27777777777777773,44.5,29.5,false,false,false
edd8xlbbzuzr8li1i8x5ixls,130,0,105.968,45.125,109.89,36.242,98.272,34.455,0,102.645,3,56.333,3,1.0,1.0,0.84375,0.8125,0.535,0.778,3.29941,1.64598,1,0.875,0.507,0.75,2.99808,1.60012,1,0,0,0.4615384615384615,0.3888888888888889,39.5,28.5,false,false,false
esagwjm1g5jr20o1u6n2vzi4,131,1,106.814,29.981,82.93,37.637,38.283,37.219,1,42.391,4,20.896,1,1.0,1.0,0.4375,0.375,0.352,0.917,2.80492,1.14223,0,0.5,0.493,0.667,2.70814,1.01573,0,6,1,0.3076923076923077,0.38888888888888884,33.75,36.125,true,true,true
et32pg89dktrt3jicjz9n71f,132,1,318.211,166.67,217.702,93.94,128.883,84.636,3,94.016,2,59.576,3,0.75,1.0,0.53125,0.5625,0.592,0.778,3.07692,1.65151,1,0.5,0.521,0.528,2.0856,1.00244,0,0,0,0.4102564102564103,0.3611111111111111,35.5,36.25,true,false,true
eyu3vuo0aww2ur55x4fmd88u,133,1,343.904,89.573,227.684,156.677,215.03,46.852,0,48.928,3,60.231,4,1.0,0.625,0.5625,0.5625,0.437,0.528,2.26394,1.67631,0,0.5625,0.577,0.583,2.77562,1.4935,1,0,1,0.4615384615384615,0.27777777777777773,35.75,35.0,true,false,true
f4bf2h1q5cnbuyyxozddn51w,134,1,67.627,10.963,98.597,28.175,48.195,22.541,1,59.822,6,23.14,2,0.625,1.0,1.0,1.0,0.366,0.889,2.64831,1.6919,1,1.0,0.437,0.722,2.2808,1.3413,1,26,0,0.6666666666666666,0.19444444444444442,44.5,28.5,false,true,true
fa4hvy5sf2cam1gqdgp0rjbi,135,1,87.149,22.764,278.75,68.446,66.038,27.906,2,10.899,5,6.064,2,1.0,1.0,1.0,1.0,0.479,0.917,1.57653,0.94733,0,1.0,0.535,0.806,1.36381,1.02713,0,0,0,0.4615384615384615,0.4166666666666667,42.5,28.666666666666668,false,false,false
faz8hgavk9qmjtzeuu0aqwfj,136,0,84.907,38.316,83.668,24.405,48.736,22.164,1,35.596,4,23.56,2,0.75,0.875,0.9375,1.0,0.493,0.806,2.24661,0.89105,0,0.875,0.549,0.667,2.09431,0.92475,0,0,0,0.4102564102564103,0.3333333333333333,42.333333333333336,33.166666666666664,false,false,false
fgl6croqkb8bcay9c1qaytzc,137,0,140.813,186.625,382.577,36.399,78.529,83.496,1,119.964,5,31.514,3,1.0,1.0,0.46875,0.4375,0.493,0.75,1.75331,0.7402,0,0.5,0.465,0.667,2.19296,0.80997,0,13,0,0.5128205128205128,0.27777777777777773,35.75,34.25,true,true,true
firk7nt3coyk39bo6qoh7d9q,138,0,156.199,63.404,150.042,38.52,91.619,41.774,0,56.099,3,27.461,0,0.875,0.875,0.9375,0.875,0.662,0.833,2.0365,0.94933,0,1.0,0.634,0.722,2.71749,1.33757,0,0,0,0.4358974358974359,0.22222222222222224,41.0,31.0,false,false,false
fjiv04p3ituh77fu2r312cd8,139,1,167.577,49.627,110.652,57.153,58.787,32.152,1,35.154,2,44.022,4,0.75,0.875,0.5625,0.375,0.408,0.694,3.6989,1.41617,0,0.75,0.437,0.556,2.85904,1.6647,0,1,1,0.641025641025641,0.027777777777777776,34.833333333333336,32.16666666666667,true,true,true
g0zj4zk5mpq4z0zbxpeunzm8,140,1,163.318,76.381,93.589,62.296,76.16,18.716,0,48.169,3,19.646,1,0.875,1.0,0.9375,0.9375,0.634,0.833,2.27301,0.75292,0,0.9375,0.535,0.722,2.28593,0.98287,0,0,0,0.4615384615384615,0.5555555555555555,41.833333333333336,31.166666666666668,false,false,false
g92xuvby866d100z8xbxkdl3,141,1,6.836,20.263,20.372,19.523,14.662,34.809,1,17.34,0,61.095,0,0.875,1.0,0.15625,0.25,0.592,0.694,2.88828,1.21921,1,0.0625,0.493,0.667,2.76744,1.39383,4,0,0,0.5641025641025642,0.05555555555555555,31.5,40.375,true,false,true
gg910p95hec04rpsr76t77rc,142,1,362.335,131.724,173.703,68.32,97.055,101.348,1,78.146,3,43.968,2,0.625,0.25,0.21875,0.3125,0.592,0.556,4.43085,1.24913,1,0.125,0.423,0.694,3.10281,1.38159,0,0,1,0.35897435897435903,0.3333333333333333,36.0,40.0,true,false,true
ghsy5kv9bbft1e8a5gnii1iy,143,1,437.979,155.97,362.714,86.016,136.792,94.043,2,80.551,3,43.835,1,1.0,0.875,1.0,1.0,0.535,0.806,1.49396,0.33296,0,1.0,0.592,0.861,1.60669,0.40972,0,1,0,0.5384615384615384,0.19444444444444442,42.333333333333336,29.666666666666668,false,true,true
gilmgf2w201wmpu9l9qy5n2y,144,0,126.963,58.014,122.75,30.975,63.771,36.198,2,62.412,3,26.595,2,1.0,0.875,0.75,0.8125,0.423,0.861,1.73332,0.91235,0,0.6875,0.479,0.889,2.29697,0.99946,1,0,0,0.38461538461538464,0.4166666666666667,41.0,31.0,true,false,true
h3cfl6s3vqf9qvq5qwrjo95p,145,0,97.553,24.184,119.557,16.026,28.702,105.616,4,32.025,5,19.045,5,0.5,0.25,0.53125,0.5625,0.085,0.556,1.75156,1.11638,0,0.5,0.225,0.389,1.93341,1.22864,1,0,3,0.43589743589743596,0.8611111111111112,37.25,36.166666666666664,true,true,true
h3yqkylmt934uzjiik3n614x,146,0,59.947,29.179,126.854,41.575,100.783,29.38,0,90.083,2,261.507,3,0.875,0.875,1.0,1.0,0.577,0.778,2.20528,1.32581,1,1.0,0.338,0.583,3.58396,2.1103,1,0,1,0.4102564102564103,0.5277777777777778,43.0,29.0,false,false,false
h7r34wetjjv2swsrnzxuu02s,147,1,247.998,28.638,99.404,40.976,28.648,25.216,0,31.146,1,25.43,0,0.875,1.0,1.0,1.0,0.465,0.75,2.99999,1.23973,1,1.0,0.535,0.833,2.24896,1.08637,0,12,1,0.3333333333333333,0.16666666666666666,44.708333333333336,27.333333333333336,false,true,true
hbkkx7wzzku5tvlotpmzqeam,148,1,134.722,60.247,292.94,48.683,128.435,54.34,4,54.051,3,35.546,2,0.875,0.75,0.75,1.0,0.423,0.889,1.78686,0.89679,1,0.5,0.507,0.444,2.25121,1.09921,0,0,0,0.358974358974359,0.19444444444444442,44.25,33.25,true,false,true
hbx88fdy4foamfpuukysk0p2,149,1,425.131,42.922,386.804,36.776,15.631,27.382,4,93.389,2,19.049,1,0.875,0.75,0.59375,0.5,0.437,0.833,3.45076,1.46338,0,0.6875,0.493,0.778,2.04824,0.71849,0,0,1,0.5384615384615384,0.6666666666666666,37.25,32.75,true,false,true
hd6kfgh7ltc0xyz47ldtbro7,150,1,109.732,48.34,138.606,41.587,73.237,29.855,0,69.392,4,30.054,0,1.0,1.0,0.96875,0.9375,0.38,0.833,2.79807,1.70022,1,1.0,0.535,0.917,2.11817,0.91656,0,1,1,0.4102564102564103,0.4166666666666667,39.833333333333336,28.166666666666668,false,true,true
heepzlp96146h50v52p1fug3,151,1,288.899,86.562,173.326,55.696,113.834,34.641,2,31.67,4,32.274,5,0.875,1.0,0.0,0.0,0.465,0.75,2.09197,0.51347,0,0.0,0.38,0.861,2.41972,0.53218,0,0,2,0.5384615384615384,0.3055555555555556,30.833333333333332,42.25,true,true,true
hoyf1pfl3b0q8a0d7us0w2so,152,0,127.187,70.676,127.474,32.455,38.047,62.618,1,68.614,4,33.022,0,1.0,1.0,1.0,1.0,0.563,0.917,2.72328,1.76476,0,1.0,0.549,0.806,4.35349,2.11605,0,0,0,0.38461538461538464,0.3333333333333333,43.5,28.5,false,false,false
hrpk17i8y0gplfxj94yfz2j2,153,0,301.029,156.264,224.822,71.808,115.588,67.636,0,120.418,2,44.504,1,1.0,1.0,0.875,0.875,0.521,0.806,3.6425,1.44952,0,0.875,0.479,0.667,4.80272,2.23753,1,0,0,0.3333333333333333,0.2222222222222222,40.25,29.75,false,false,false
hxuj3kd8v50f12e81487vx8m,154,0,130.394,49.851,125.062,45.937,102.755,31.963,1,36.646,3,24.199,1,0.625,0.5,0.78125,0.75,0.592,0.722,1.69186,0.63459,0,0.8125,0.62,0.75,1.87969,0.68906,1,0,1,0.5641025641025641,0.5,37.75,31.0,false,false,false
hyiubpkbs61eknuwti59w9p7,155,0,193.25,147.206,83.77,26.388,33.407,38.338,3,300.531,3,39.803,2,1.0,0.5,0.53125,0.5,0.423,0.75,2.62482,1.17138,0,0.5625,0.465,0.528,2.72793,1.31552,1,0,0,0.4871794871794872,0.3611111111111111,37.75,34.25,true,false,true
i21lhyhsbxpg2hu8a3vy0oy8,156,1,114.959,43.438,137.058,36.038,42.21,32.633,0,54.805,6,24.492,3,1.0,1.0,0.625,0.5625,0.507,0.722,2.05035,0.755,1,0.6875,0.493,0.722,2.13028,0.8779,0,0,0,0.5128205128205128,0.08333333333333333,35.583333333333336,35.0,true,false,true
i388l23g2xry13gu4t58mwtb,157,1,285.885,58.864,114.966,52.946,59.997,54.539,3,59.747,6,46.458,5,1.0,1.0,0.65625,0.9375,0.521,0.778,1.80786,0.58517,0,0.375,0.465,0.667,1.84499,0.6411,0,0,0,0.4102564102564103,0.25,40.583333333333336,36.5,true,false,true
i4ogtwuvmxntetu961zgfwkh,158,0,94.213,55.832,100.016,26.142,26.178,22.58,0,26.145,0,28.764,1,1.0,1.0,1.0,1.0,0.535,0.944,2.15901,1.23825,0,1.0,0.437,0.75,2.73671,1.49458,0,0,0,0.5897435897435898,0.1111111111111111,42.875,28.125,false,false,false
i83lothtbmqe797vp13if3bk,159,0,305.424,182.695,328.533,53.591,75.104,78.687,2,73.879,2,53.661,3,0.875,0.875,0.40625,0.75,0.535,0.778,2.87188,0.72793,0,0.0625,0.479,0.806,2.99436,0.98423,0,8,2,0.3846153846153846,0.4166666666666667,39.25,41.375,true,true,true
iaotzwroljp0kveghunq99po,160,1,84.457,36.624,102.538,36.997,89.052,35.066,2,42.782,3,20.515,4,0.875,0.875,0.5,0.5,0.549,0.667,1.21668,0.3013,0,0.5,0.479,0.611,1.58217,0.64124,1,21,3,0.7435897435897436,0.16666666666666666,36.75,35.25,true,true,true
id6asp3mjv5p5idps9v1fcet,161,1,1091.076,221.668,308.468,83.056,93.463,50.048,0,88.657,4,35.048,2,0.625,0.5,0.25,0.1875,0.493,0.556,1.68396,1.15596,0,0.3125,0.465,0.5,0.71543,0.4466,0,0,3,0.4871794871794872,0.6388888888888888,33.5,35.25,true,true,true
if2c0d1vw1ro4ib3na1o4q7j,162,1,612.109,175.72,262.03,69.581,133.144,40.867,1,90.731,2,33.141,1,1.0,0.625,0.4375,0.375,0.465,0.611,3.15469,0.77301,2,0.5,0.493,0.778,2.66379,0.74636,0,0,0,0.38461538461538464,0.4444444444444445,37.0,32.0,true,false,true
igp5awc1etsh91phpfq6zc0o,163,1,106.329,43.538,115.584,41.591,48.142,33.975,0,75.502,4,23.315,1,1.0,1.0,1.0,1.0,0.493,0.833,1.8123,0.69079,1,1.0,0.493,0.861,2.24776,1.12827,0,0,0,0.5128205128205128,0.3888888888888889,43.0,27.0,false,false,false
iihvkpoabtlxoneajfjb18al,164,0,162.45,87.757,183.223,62.688,77.944,78.242,1,51.974,5,36.132,1,0.75,0.625,0.5,0.375,0.451,0.833,2.31361,0.95867,0,0.625,0.479,0.389,2.43015,1.50466,1,4,0,0.4615384615384615,0.08333333333333333,33.75,34.75,true,true,true
ikereqr6z9ki3f63bk2fcofd,165,1,100.657,38.069,115.052,82.595,59.051,29.893,1,46.148,3,27.987,2,1.0,0.875,1.0,1.0,0.479,0.806,1.92189,0.89362,0,1.0,0.493,0.667,2.1285,1.14802,0,0,1,0.4102564102564103,0.5277777777777778,41.5,29.5,false,false,false
ipx12y7kz50cudhlda62tia5,166,1,180.42,64.572,243.005,69.015,165.234,48.156,0,53.485,0,45.476,0,1.0,1.0,1.0,1.0,0.507,0.778,4.85038,1.55713,1,1.0,0.535,0.861,3.61933,1.63213,0,0,0,0.4615384615384615,0.5,42.0,29.0,false,false,false
iq5kfbg0prq7ngoc6gguikg9,167,0,84.74,45.073,83.097,27.438,58.969,24.329,0,55.042,3,26.567,2,1.0,1.0,1.0,1.0,0.479,0.861,2.80269,1.19497,0,1.0,0.479,0.806,2.74546,1.20585,0,0,0,0.4615384615384615,0.3055555555555556,42.25,28.75,false,false,false
it2y024h922t4xrcrev3kx6z,168,1,249.039,143.287,133.327,93.686,132.681,63.354,4,51.963,2,39.575,0,0.125,0.125,0.46875,0.125,0.451,0.806,3.2989,1.6824,1,0.8125,0.451,0.694,3.73901,1.79983,1,0,1,0.3333333333333333,0.05555555555555555,31.666666666666664,30.125,true,false,true
ix1jus0ij3i22yogsxepz7gy,169,1,80.395,26.455,54.743,32.084,60.386,16.874,0,281.019,1,26.518,1,0.875,1.0,1.0,1.0,0.493,0.861,2.25646,0.9679,1,1.0,0.507,0.917,1.91469,1.25681,0,0,0,0.43589743589743596,0.4166666666666667,42.25,29.75,false,false,false
j53o3emn53c47lu91z8q9luh,170,1,97.948,38.333,91.99,50.996,126.792,38.638,2,79.766,4,55.755,2,0.875,1.0,0.625,0.8125,0.465,0.806,2.13619,1.27147,0,0.4375,0.465,0.556,1.57312,0.65232,0,0,0,0.3333333333333333,0.3333333333333333,38.5,37.5,true,false,true
j9hpmgjh2v760ewmgsbefihs,171,0,191.705,102.367,152.556,67.097,138.849,47.28,0,75.56,1,48.338,1,0.875,0.875,0.71875,0.5,0.408,0.611,3.63935,0.77827,0,0.9375,0.549,0.694,3.97704,1.00793,1,0,0,0.4615384615384615,0.3333333333333333,38.75,30.125,true,false,true
jhln748kbg0uxwh77ajrsp0k,172,1,169.067,34.135,75.225,29.411,65.014,27.474,0,65.864,5,56.099,4,1.0,1.0,0.71875,0.9375,0.577,0.694,2.16206,0.89535,0,0.5,0.437,0.556,2.00529,0.81034,0,0,0,0.38461538461538464,0.4444444444444445,39.5,35.5,true,false,true
jo3sh6m3u9umyxe15u7n0xal,173,1,120.553,32.222,102.501,101.413,83.889,93.275,3,16.543,3,11.301,3,0.875,0.875,0.46875,0.25,0.479,0.722,4.44528,1.80102,1,0.6875,0.592,0.472,2.30847,2.28832,0,0,2,0.5128205128205128,0.3055555555555555,33.833333333333336,32.125,true,true,true
jyh1679xan7tgkq1rp6v2umz,174,1,184.145,18.036,68.509,23.562,16.8,29.517,3,25.692,1,157.941,2,1.0,0.875,1.0,1.0,0.535,0.806,1.48397,0.76787,0,1.0,0.521,0.861,1.37679,0.76014,0,0,0,0.5384615384615384,0.3611111111111111,43.75,28.25,false,false,false
k5l9ylmz9ruur9b744vivtdk,175,0,120.771,49.392,160.011,40.565,53.98,41.389,1,43.137,2,44.09,3,0.25,0.875,0.28125,0.0,0.521,0.806,1.8336,0.40142,0,0.5625,0.465,0.556,2.989,1.25519,1,0,0,0.35897435897435903,0.3333333333333333,30.5,34.5,true,false,true
k98m3lm81d1zjnnzo1ae8amv,176,0,108.752,3011.448,160.919,37.471,48.784,36.841,0,84.273,0,28.048,0,1.0,1.0,1.0,1.0,0.465,0.806,2.25539,1.45147,0,1.0,0.493,0.667,2.37203,1.47755,0,11,0,0.3333333333333333,0.16666666666666666,42.583333333333336,30.416666666666668,false,true,true
kp3oiwll0z63oco32szbzio7,177,1,323.03,191.55,196.733,30.179,34.966,33.784,3,27.442,4,17.761,5,0.625,0.25,0.3125,0.375,0.352,0.417,1.37566,0.95301,1,0.25,0.437,0.306,0.81704,0.70741,0,0,3,0.6410256410256411,0.611111111111111,34.75,37.5,true,true,true
ku3d9j6sml5bmdkp8bgko9f1,178,1,145.261,73.85,113.437,44.183,127.311,76.199,2,41.442,4,47.836,2,0.125,0.125,0.59375,0.6875,0.577,0.528,2.0965,1.20531,0,0.5,0.437,0.417,1.78639,1.05476,1,0,3,0.923076923076923,0.1111111111111111,39.0,34.5,true,true,true
kuvit02hr7ce16b7c0tm8obg,179,1,277.309,46.919,113.59,99.411,85.7,32.35,2,55.892,0,50.668,3,1.0,1.0,0.96875,1.0,0.38,0.722,2.35439,1.62567,1,0.9375,0.606,0.889,1.88042,0.5286,0,0,0,0.5897435897435898,0.16666666666666666,43.375,29.625,false,false,false
kzxwhiw5exr4tvwpqlvyz54d,180,1,233.865,96.319,124.284,45.969,155.014,124.402,5,78.21,1,68.723,1,0.125,0.75,0.5,0.5,0.972,0.472,3.1915,1.55516,2,0.5,0.901,0.083,4.263,1.82824,2,0,0,0.6923076923076924,0.05555555555555555,35.0,35.0,true,false,true
l1ghvl8ii7sa3crkyw7foy31,181,0,35.074,60.377,114.841,42.137,47.211,31.171,2,45.892,5,47.993,2,1.0,0.75,0.375,0.1875,0.521,0.778,2.55587,1.5403,2,0.5625,0.507,0.722,3.27067,1.2078,2,1,0,0.35897435897435903,0.3611111111111111,32.583333333333336,33.5,true,true,true
l1ro7zw8wdo0vtjsvu80z0yq,182,0,250.004,123.656,268.376,110.712,108.795,315.25,1,76.858,4,74.618,4,1.0,1.0,0.6875,0.875,0.465,0.75,3.49428,1.00077,0,0.5,0.408,0.5,4.50782,1.09365,1,0,0,0.4102564102564103,0.25,41.833333333333336,35.291666666666664,true,false,true
l3dilkftg6bh4zpza3j465lb,183,0,74.068,39.702,80.015,21.284,46.867,41.989,0,44.846,0,19.334,0,1.0,1.0,1.0,1.0,0.423,0.861,2.70511,1.71811,0,1.0,0.465,0.861,3.89861,2.17654,1,0,0,0.4358974358974359,0.5,46.5,27.0,false,false,false
lc9mog35bz284mjr6pc2qmqk,184,1,84.806,34.877,92.767,34.163,109.267,28.391,1,55.34,3,45.373,1,1.0,1.0,0.40625,0.375,0.507,0.917,2.38352,1.68975,1,0.4375,0.465,0.917,1.78879,1.02969,0,0,0,0.38461538461538464,0.1111111111111111,35.66666666666667,34.416666666666664,true,false,true
lich6zrzuleo5iub8sb6x58f,185,0,240.171,79.716,107.102,151.41,88.487,34.81,1,44.614,5,36.495,3,1.0,1.0,0.6875,0.75,0.549,0.778,1.91178,1.17882,0,0.625,0.592,0.472,2.30724,1.76222,1,0,0,0.4102564102564103,0.3333333333333333,38.833333333333336,32.166666666666664,true,false,true
lmok56esd3i18f6g5tnzrw63,186,0,199.315,99.497,157.999,69.039,94.379,55.528,1,75.843,2,34.63,0,1.0,1.0,0.875,0.875,0.648,0.889,2.64781,1.30568,0,0.875,0.493,0.75,2.38508,0.86955,0,0,0,0.4615384615384615,0.4166666666666667,42.875,33.25,false,false,false
ltkv5orczj6enorevt7jldia,187,0,87.251,35.223,102.069,33.373,61.78,45.438,1,44.125,3,38.556,1,1.0,1.0,1.0,1.0,0.634,0.778,3.05921,1.38057,0,1.0,0.521,0.806,3.60076,1.46899,1,2,2,0.358974358974359,0.3055555555555556,41.875,30.125,false,true,true
m2hp9lesfq76lcneqk7488ri,188,1,149.3,46.103,94.242,59.737,121.212,81.962,1,72.924,5,52.601,4,1.0,1.0,0.75,0.75,0.535,0.667,2.11634,0.76667,1,0.75,0.423,0.528,1.98144,0.48395,0,0,0,0.4871794871794872,0.3888888888888889,38.0,33.0,false,false,false
m70w066d703yyddgv12g2vvw,189,0,52.026,76.98,111.418,42.758,99.487,27.98,1,44.687,3,34.921,2,1.0,1.0,0.71875,0.9375,0.423,0.889,3.55208,1.65836,0,0.5,0.465,0.667,4.03201,1.77466,1,0,0,0.4358974358974359,0.47222222222222215,42.75,35.25,true,false,true
m70woqs1vu9c3vf5js3yv19i,190,1,93.554,42.379,90.009,39.037,46.938,29.008,2,32.188,4,26.084,4,0.875,0.75,0.28125,0.1875,0.465,0.75,2.98361,1.12517,0,0.375,0.493,0.556,2.01244,0.9002,0,0,0,0.3076923076923077,0.4166666666666667,30.75,37.25,true,false,true
mfq4dc8w7xdz5y65tl4lhdeu,191,1,106.472,39.457,107.911,52.304,74.426,25.463,0,57.875,0,29.61,2,1.0,1.0,0.875,1.0,0.437,0.778,1.66079,0.85852,0,0.75,0.437,0.75,1.23768,0.53593,0,4,0,0.3846153846153846,0.3333333333333333,41.5,35.416666666666664,false,true,true
mhdo4fwdx2acy92yhhxry61p,192,0,207.481,71.157,120.528,32.269,74.987,46.628,0,51.574,1,30.553,2,1.0,1.0,0.25,0.125,0.479,0.889,2.10501,0.74391,0,0.375,0.408,0.889,2.00983,0.55896,1,0,0,0.43589743589743596,0.3611111111111111,31.5,35.5,true,false,true
mjygz70zri5y0hiek6zbsww4,193,0,120.021,53.223,131.489,25.177,47.189,25.633,0,48.913,2,19.042,1,1.0,1.0,1.0,1.0,0.437,0.833,1.74485,0.74687,0,1.0,0.394,0.806,2.994,1.65437,1,24,0,0.6153846153846154,0.2222222222222222,42.0,29.0,false,true,true
mp7wknl853apohj9cv7ky1vp,194,0,281.201,122.386,222.087,67.811,144.757,143.073,0,144.636,3,51.328,3,1.0,1.0,0.875,1.0,0.507,0.833,3.17714,1.16655,0,0.75,0.408,0.611,4.44986,1.62788,1,0,2,0.35897435897435903,0.3888888888888889,41.5,33.75,false,true,true
mwpnf8y8xpi101w9l6ilfbmy,195,1,206.765,76.38,172.902,101.572,112.072,45.963,0,77.529,0,34.483,0,1.0,1.0,1.0,1.0,0.521,0.861,4.65061,1.60397,1,1.0,0.549,0.889,4.69321,1.9256,2,0,2,0.5384615384615384,0.2777777777777778,44.0,26.0,false,true,true
mxifc9sqy4v7khbsgjizughk,196,0,291.305,345.941,335.501,75.019,110.065,64.624,1,230.56,1,39.683,2,0.875,0.75,0.875,1.0,0.563,0.861,2.00312,0.63575,0,0.75,0.493,0.639,2.62228,0.84471,0,0,0,0.4871794871794872,0.3055555555555555,40.75,32.0,false,false,false
npr12esi279c7c4hdb6n0bp8,197,0,198.086,96.311,169.955,39.679,86.911,115.928,4,71.813,2,48.505,1,1.0,0.875,0.75,0.625,0.408,0.889,1.71854,0.5809,0,0.875,0.451,0.472,2.75787,1.35197,1,0,0,0.5897435897435898,0.027777777777777776,39.333333333333336,30.75,true,false,true
null,198,1,288.807,116.044,158.709,56.735,129.509,42.891,2,68.592,4,49.616,2,1.0,1.0,0.8125,0.8125,0.38,0.667,2.13176,0.61566,0,0.8125,0.437,0.667,1.84686,0.40931,0,10,1,0.3333333333333333,0.16666666666666666,39.375,34.625,false,true,true
null_2,199,0,425.316,184.203,219.673,59.05,88.318,78.966,4,82.296,4,47.664,2,0.0,0.875,0.5,0.4375,0.451,0.778,2.64239,0.78936,0,0.5625,0.408,0.528,4.19775,1.81163,1,0,2,0.35897435897435903,0.38888888888888884,36.75,33.25,true,true,true
null_3,200,0,152.461,69.739,127.034,35.274,104.554,35.924,0,130.633,3,37.781,2,0.875,0.875,0.84375,1.0,0.437,0.889,2.65611,1.02334,0,0.6875,0.507,0.667,3.4843,1.6442,1,2,1,0.3333333333333333,0.2222222222222222,40.583333333333336,34.25,true,true,true
nydkj2cve5kwoks30h2ff264,201,1,80.529,20.33,152.071,46.295,138.824,65.393,2,32.714,0,13.283,0,1.0,1.0,1.0,1.0,0.479,0.639,5.12575,2.30076,3,1.0,0.451,0.778,3.77555,2.29574,1,0,0,0.3846153846153846,0.25,41.5,27.5,false,false,false
nyk5lxp5svoatqsf5lq5g9ov,202,1,121.058,43.891,85.621,13.284,23.748,42.885,5,19.339,3,19.445,4,0.375,0.125,0.40625,0.4375,0.451,0.361,1.12532,1.10195,0,0.375,0.338,0.667,1.05579,1.23216,0,0,2,0.4871794871794872,0.7777777777777777,35.0,39.0,true,true,true
nz140gnekcrm97dequ1h8ppi,203,0,58.39,27.991,72.274,24.928,41.562,40.113,1,46.605,2,24.422,0,1.0,1.0,1.0,1.0,0.465,0.917,2.78118,0.87906,0,1.0,0.535,0.861,4.76771,1.90029,0,0,0,0.4615384615384615,0.4444444444444445,46.25,26.625,false,false,false
nz1gkb3bx42faskamqs88pro,204,0,177.939,87.548,124.509,59.648,137.144,80.482,2,93.744,4,35.561,4,1.0,1.0,0.46875,0.75,0.606,0.667,4.06582,1.1574,0,0.1875,0.606,0.417,4.13945,1.41178,1,0,0,0.35897435897435903,0.3333333333333333,38.375,38.375,true,false,true
o1kl4jadj1d3buoflmq85e3q,205,1,47.641,25.788,80.391,36.572,55.592,13.318,0,30.28,1,13.929,0,1.0,1.0,1.0,1.0,0.451,0.917,1.86331,0.52319,0,1.0,0.423,0.944,1.60457,0.56521,0,0,0,0.4102564102564103,0.38888888888888884,43.0,28.0,false,false,false
oeuombdhn0s0u2hsxf4aq1k1,206,0,248.663,87.477,129.564,29.03,146.079,46.322,0,70.702,3,48.551,3,0.875,0.875,0.59375,0.5625,0.465,0.694,2.45969,1.04048,0,0.625,0.507,0.833,3.14353,0.99795,0,0,0,0.358974358974359,0.2222222222222222,38.0,33.0,true,false,true
ogfqaomlwkgjpc4xxp2a2ryc,207,0,180.236,63.551,156.098,35.372,105.536,165.702,4,107.035,0,59.42,4,1.0,1.0,0.5625,0.6875,0.493,0.972,4.04144,1.86507,0,0.4375,0.437,0.472,3.81238,1.98248,1,0,1,0.4871794871794872,0.27777777777777773,40.0,34.0,true,false,true
okifedx3xbilxlpp870db50p,208,0,164.47,111.577,190.885,60.473,163.03,46.505,0,108.363,1,84.821,2,1.0,1.0,0.8125,0.875,0.437,0.778,5.12476,1.67835,2,0.75,0.423,0.667,4.96786,1.51264,3,0,0,0.4102564102564103,0.19444444444444442,41.5,28.25,false,false,false
opn208934tqos359z14pmkb9,209,1,95.224,20.758,175.614,40.853,54.947,24.671,0,36.705,0,26.894,1,1.0,1.0,1.0,1.0,0.451,0.861,2.1509,0.84574,0,1.0,0.592,0.972,2.29746,1.13975,0,0,1,0.5128205128205128,0.5277777777777778,43.833333333333336,27.166666666666668,false,false,false
opxonyg7jei82oq361vbwfpz,210,0,141.41,57.133,121.525,39.876,79.689,55.459,1,102.798,2,70.502,3,1.0,0.875,0.4375,0.25,0.437,0.583,1.37619,0.53067,0,0.625,0.634,0.722,2.28039,1.32378,1,0,1,0.4102564102564103,0.27777777777777773,33.875,34.0,true,false,true
ow1pr2ge9txorjglw3r8rmvp,211,0,212.86,88.67,178.92,55.754,98.401,58.122,0,80.284,0,45.467,0,1.0,1.0,1.0,1.0,0.465,0.944,3.02768,1.84814,0,1.0,0.465,0.694,4.56796,2.05271,1,0,0,0.4358974358974359,0.27777777777777773,41.5,27.5,false,false,false
oy9z2338bwd2ipir79ipkotc,212,1,134.128,53.646,118.736,52.94,70.289,72.953,2,42.881,2,29.114,0,1.0,1.0,0.65625,1.0,0.535,0.972,2.30975,0.72578,1,0.3125,0.366,0.75,2.41949,0.87346,0,0,0,0.35897435897435903,0.25,40.583333333333336,36.25,true,false,true
p4mmx9of2i3ajlmtipr05ep0,213,0,8.047,5.971,7.888,26.181,12.078,19.418,3,13.863,3,27.628,3,1.0,1.0,0.625,0.6875,0.549,0.694,1.87744,0.71633,0,0.5625,0.465,0.889,2.0031,0.78698,0,1,0,0.358974358974359,0.36111111111111116,39.0,34.0,true,true,true
pcno87zsi20egovw7r515p7h,214,0,47.156,18.842,64.286,22.081,53.603,15.866,0,48.34,2,21.36,1,1.0,1.0,1.0,1.0,0.507,0.722,2.39733,1.43407,0,1.0,0.451,0.778,3.52874,2.08585,0,2,0,0.4615384615384615,0.4166666666666667,43.5,26.5,false,true,true
pewo9y1rs7101gfg1qlbuzyv,215,1,195.098,62.654,270.004,66.028,107.239,50.817,0,111.813,1,83.858,2,1.0,1.0,0.90625,0.875,0.507,0.611,4.19718,1.69745,1,0.9375,0.437,0.806,4.50038,1.94312,3,2,1,0.5128205128205128,0.36111111111111116,40.833333333333336,29.75,false,true,true
pfoa3t76bal0bo7y8iebxlrf,216,0,170.637,96.093,134.988,43.221,96.009,26.117,0,58.378,2,39.306,2,1.0,1.0,0.75,0.8125,0.563,0.944,2.11207,0.38428,0,0.6875,0.493,0.861,2.87083,0.94801,1,0,0,0.4102564102564103,0.2222222222222222,40.5,32.5,true,false,true
pksz70fsmpbvjh3loayw8dcl,217,1,245.996,69.232,127.069,49.745,58.735,94.013,1,80.787,4,45.866,0,0.875,1.0,0.53125,0.5,0.465,0.806,3.6692,1.68904,1,0.5625,0.592,0.861,2.13193,0.65661,0,0,0,0.4358974358974359,0.5,33.583333333333336,36.416666666666664,true,false,true
plsmowp89q7n5ddsgwqw5xv3,218,1,268.08,62.451,133.525,84.329,101.397,101.666,0,67.986,1,42.048,2,0.875,0.875,0.46875,0.5625,0.451,0.528,4.75046,1.50152,0,0.375,0.338,0.722,2.55733,1.28291,0,0,1,0.3333333333333333,0.36111111111111116,37.583333333333336,36.416666666666664,true,false,true
pmg6pvevrealrs5ti53amgqe,219,0,11.137,4.504,12.333,55.084,302.616,82.593,0,98.404,5,60.2,3,0.875,1.0,0.34375,0.4375,0.535,0.556,4.16497,1.90755,4,0.25,0.38,0.639,4.81492,2.13133,6,0,0,0.25641025641025644,0.27777777777777773,33.833333333333336,32.333333333333336,true,false,true
pn3j5bltvec3bdnryj3w3n2a,220,1,163.908,47.284,283.486,91.2,148.105,35.031,1,78.248,2,70.433,4,1.0,0.875,0.375,0.25,0.437,0.5,3.63483,1.3585,1,0.5,0.507,0.667,3.02354,0.95889,0,3,0,0.3333333333333333,0.3888888888888889,34.75,33.75,true,true,true
psd76v6hdne2wojt39g3apt0,221,1,44.926,19.998,70.733,23.806,54.322,25.949,1,40.913,3,25.508,2,1.0,1.0,1.0,1.0,0.366,0.778,3.04506,1.43205,1,1.0,0.38,0.778,2.49124,1.09672,0,1,0,0.35897435897435903,0.2222222222222222,43.75,30.0,false,true,true
q15n45b2ztpzbg4ialu81yxv,222,1,509.715,71.791,154.354,73.426,102.381,41.259,0,88.311,1,39.446,1,1.0,1.0,0.9375,0.875,0.394,0.806,3.48868,1.32068,0,1.0,0.437,0.833,2.71162,1.50701,0,0,0,0.3846153846153846,0.4166666666666667,41.333333333333336,26.666666666666668,false,false,false
q2bvfv3t8cqcykwcdoa3jm5m,223,1,34.531,19.215,50.229,20.884,49.901,23.478,1,24.893,3,20.626,0,0.75,1.0,1.0,1.0,0.38,0.833,1.47736,0.67689,0,1.0,0.493,0.75,1.34506,0.50782,0,23,2,0.7692307692307692,0.22222222222222224,41.375,28.625,false,true,true
q3d0xf6d1msrcjg9r20ptosj,224,0,79.419,49.035,84.536,28.094,73.586,21.038,0,57.13,0,27.751,0,1.0,1.0,1.0,1.0,0.465,0.917,2.07326,0.79332,0,1.0,0.451,0.722,3.30075,1.74698,1,4,0,0.3333333333333333,0.4444444444444445,45.0,26.0,false,true,true
qbw3ynjlprcxeqfbe3rtvgjd,225,0,990.744,95.747,169.335,44.597,84.754,44.269,0,111.298,3,57.494,1,1.0,1.0,0.96875,1.0,0.521,0.722,3.50514,1.67426,1,0.9375,0.521,0.667,5.02928,1.7756,1,0,0,0.4615384615384615,0.4166666666666667,43.75,29.25,false,false,false
qco0ar2am2zgm0szux9vdq7c,226,0,192.519,40.253,330.575,43.772,9.663,28.998,0,53.426,3,13.537,0,1.0,1.0,1.0,1.0,0.479,0.806,0.89046,0.32328,0,1.0,0.479,0.806,1.94603,0.80744,0,0,0,0.4615384615384615,0.36111111111111116,42.5,28.5,false,false,false
qj2ang0dv7yohq4t5zxynkbx,227,1,257.67,86.868,215.91,72.896,174.145,51.864,4,89.757,3,63.594,3,1.0,1.0,0.25,0.25,0.451,0.694,3.82912,1.58768,0,0.25,0.493,0.833,2.56444,1.13919,0,0,1,0.4615384615384615,0.4444444444444445,34.75,41.25,true,false,true
qq6l4jajq4m798st1zatykdy,228,1,175.949,74.363,93.857,51.414,53.803,53.898,3,53.131,4,21.578,4,0.75,1.0,0.375,0.375,0.606,0.667,1.56672,0.6481,0,0.375,0.493,0.694,1.8531,0.78095,1,0,0,0.3846153846153846,0.4166666666666667,36.375,36.25,true,false,true
qta8wzwaspy3no8e6rhbo8az,229,0,181.602,114.681,166.421,47.861,88.631,71.052,0,115.19,5,57.038,1,1.0,1.0,0.90625,1.0,0.507,0.917,2.22622,0.78892,0,0.8125,0.465,0.861,3.33025,1.76879,1,0,0,0.38461538461538464,0.3055555555555555,42.75,28.25,false,false,false
r1gsvhtg1csx1f8ppo4iybh8,230,1,116.616,42.429,103.233,36.064,83.308,43.592,1,70.73,1,45.378,1,1.0,1.0,1.0,1.0,0.437,0.861,3.12211,1.07888,0,1.0,0.493,0.806,2.42333,0.85863,0,0,0,0.35897435897435903,0.3888888888888889,41.583333333333336,29.416666666666668,false,false,false
r7gwcdlfv7n7mgkbxvorxn6b,231,1,87.642,42.136,149.225,53.076,67.067,29.85,0,32.757,0,69.979,0,1.0,1.0,1.0,1.0,0.549,0.917,3.07817,1.32118,0,1.0,0.549,0.917,2.63694,1.66045,0,0,0,0.35897435897435903,0.38888888888888884,43.75,28.25,false,false,false
rlpzj82lpndgxs03yubhfpht,232,1,160.116,78.745,411.507,71.287,154.598,105.586,1,127.442,4,68.992,2,1.0,1.0,0.96875,1.0,0.549,0.917,2.81964,1.20815,0,0.9375,0.437,0.694,2.79214,1.11588,0,0,0,0.4615384615384615,0.47222222222222227,40.5,30.375,false,false,false
rw8fn9wi0pmpb30edkohuhpf,233,1,56.215,35.329,80.748,25.757,62.314,36.07,4,43.461,3,23.429,2,1.0,1.0,0.9375,0.875,0.465,0.75,1.36479,0.65524,1,1.0,0.549,0.722,1.20793,0.40634,0,0,0,0.3846153846153846,0.25,41.833333333333336,29.166666666666668,false,false,false
rxjdzy648yqgzgvyt2fvxvh8,234,0,136.523,81.596,162.916,44.217,95.316,48.223,0,51.626,0,23.868,0,1.0,1.0,1.0,1.0,0.563,0.889,3.17474,1.5559,0,1.0,0.479,0.806,4.43918,1.83414,1,0,0,0.3076923076923077,0.38888888888888884,44.0,26.0,false,false,false
rxwij5mb94nmar7og7usuiqt,235,1,104.605,43.538,77.564,30.479,44.66,29.763,0,46.479,1,16.542,0,1.0,1.0,1.0,1.0,0.465,0.806,2.65542,1.26304,0,1.0,0.493,0.917,1.83758,0.98648,0,0,0,0.4102564102564103,0.4444444444444444,45.0,27.0,false,false,false
ry5gmg1z9rpefyhks4op3tve,236,0,397.44,100.062,191.886,58.282,133.121,62.756,0,180.842,3,56.008,3,1.0,0.875,0.15625,0.0625,0.535,0.528,2.67557,0.53778,0,0.25,0.507,0.472,3.75918,0.73446,0,0,0,0.358974358974359,0.47222222222222215,30.75,38.25,true,false,true
sbtlx2vgvzxmcd1ewu3d52fr,237,1,69.241,29.24,76.831,42.73,50.622,35.812,0,28.597,2,23.462,1,1.0,1.0,1.0,1.0,0.38,0.833,1.92955,1.02583,1,1.0,0.437,0.917,1.90169,1.03181,0,0,0,0.4102564102564103,0.4444444444444445,44.5,28.5,false,false,false
slr2ei3oa7exlsgfgwpd1liq,238,1,148.772,35.95,78.267,56.088,71.675,47.311,0,59.895,4,30.37,3,0.75,0.75,0.90625,0.8125,0.549,0.583,2.74796,1.59988,0,1.0,0.493,0.694,2.5521,1.61913,0,36,3,1.0,0.0,40.5,27.5,false,true,true
smki4ple59ze02okpj42yzrd,239,1,58.507,26.702,78.495,155.5,54.694,11.327,0,32.593,0,28.784,1,1.0,1.0,1.0,1.0,0.493,0.861,2.13315,0.922,0,1.0,0.437,0.861,1.64783,0.70636,0,0,0,0.358974358974359,0.3055555555555555,45.0,29.0,false,false,false
t4fy8igtm7xs1rcdlgq97vl9,240,0,157.865,64.471,148.287,33.675,26.892,35.63,0,49.58,3,18.979,1,0.875,1.0,0.96875,1.0,0.521,0.972,2.19089,1.76851,0,0.9375,0.521,0.778,3.32227,1.86706,2,0,0,0.35897435897435903,0.3333333333333333,43.75,27.25,false,false,false
t6pueklrrr93rn8zd6xtovdr,241,1,238.024,26.169,61.258,24.071,84.349,38.345,1,38.693,3,39.614,2,0.625,1.0,0.84375,0.6875,0.366,0.694,1.82311,1.3296,1,1.0,0.563,0.583,1.80173,0.72547,1,0,0,0.6666666666666666,0.0,38.333333333333336,29.666666666666668,true,false,true
tfjh5jpyrsrycx9dog7ruqim,242,0,139.892,76.129,180.785,66.064,73.724,33.5,0,54.798,1,21.121,1,1.0,1.0,1.0,1.0,0.563,0.889,2.67546,1.08906,0,1.0,0.521,0.806,4.30362,1.36727,0,0,0,0.38461538461538464,0.4444444444444444,44.583333333333336,27.166666666666668,false,false,false
tja25j85kgfela5fijekqkpc,243,1,60.813,33.164,72.399,27.86,27.489,18.826,0,35.182,2,21.583,2,1.0,1.0,0.9375,0.875,0.437,0.861,2.43231,1.78979,2,1.0,0.549,0.722,1.65943,1.1195,0,0,1,0.3333333333333333,0.3611111111111111,40.5,29.375,false,false,false
tni0b2je2fdmchtdy342t2tj,244,1,422.51,31.658,197.602,25.086,35.912,44.465,1,31.005,4,41.387,5,1.0,1.0,0.71875,1.0,0.493,0.889,1.79412,0.57769,0,0.4375,0.521,0.861,1.98718,0.6655,0,0,0,0.358974358974359,0.27777777777777773,43.75,38.25,true,false,true
tsthretnxrmehc4i4g2dt37s,245,0,11.037,21.768,58.824,22.293,35.018,41.295,2,45.271,5,28.969,3,0.875,0.875,0.4375,0.3125,0.549,0.528,1.29159,0.63777,1,0.5625,0.535,0.472,2.21864,0.69179,0,0,1,0.4358974358974359,0.13888888888888887,33.583333333333336,35.25,true,false,true
txn1tnkuc5u9vi2c6at74p9c,246,1,88.165,54.302,59.887,23.817,26.036,31.148,1,34.658,4,25.562,3,0.625,0.875,0.4375,0.25,0.423,0.583,2.16432,0.78141,0,0.625,0.338,0.639,1.5094,0.54158,0,5,0,0.3333333333333333,0.3888888888888889,31.583333333333332,35.125,true,true,true
txt054m7utpn8fumxuouv3jh,247,1,239.613,50.933,117.397,71.285,96.999,27.315,0,90.364,3,62.885,5,0.875,0.875,0.875,0.9375,0.451,0.806,3.64177,1.69915,1,0.8125,0.479,0.5,3.0194,1.41335,0,0,0,0.38461538461538464,0.36111111111111116,40.75,30.25,false,false,false
tzs3mclqrrnxxr6oh1endib5,248,0,301.968,215.986,176.398,72.084,115.515,150.082,3,96.069,3,58.205,3,0.875,1.0,0.46875,0.4375,0.634,0.444,1.86185,1.14308,0,0.5,0.535,0.306,2.72631,2.14934,1,0,1,0.4358974358974359,0.3888888888888889,34.5,33.5,true,false,true
u62ninlg0nay1wbq5qpdf3u8,249,0,292.959,155.236,360.305,80.501,111.029,191.167,1,78.747,4,52.128,2,1.0,0.5,0.46875,0.5,0.493,0.694,3.50028,1.54423,0,0.4375,0.507,0.5,5.07051,1.5127,1,0,0,0.4615384615384615,0.25,36.5,36.5,true,false,true
uet8e70j2t6bt38pjk5wejkn,250,0,147.685,62.402,132.408,34.597,70.024,42.461,0,50.348,1,21.936,0,1.0,1.0,1.0,1.0,0.451,0.917,3.08965,1.61798,1,1.0,0.521,0.861,4.02067,1.67972,0,0,0,0.4102564102564103,0.36111111111111116,44.833333333333336,26.25,false,false,false
uigyy942oq6ub32e0f2x2o8o,251,1,138.513,74.052,164.755,53.897,43.781,17.089,1,30.025,3,28.042,2,0.75,0.875,0.5,0.375,0.451,0.722,2.96627,0.93679,1,0.625,0.521,0.833,2.48501,1.38854,0,36,3,1.0,0.0,35.583333333333336,35.25,true,true,true
v25z37kxtz99emm3wibsx8p5,252,1,338.89,79.275,157.862,66.767,124.811,51.726,2,57.535,3,36.252,4,0.875,0.875,0.5,0.5,0.465,0.75,2.8104,0.6597,0,0.5,0.437,0.722,2.80458,0.83999,0,0,0,0.2820512820512821,0.4166666666666667,36.75,33.25,true,false,true
v4u8tmteuxjmkz9xpkhkdl3w,253,1,80.439,13.458,80.118,51.874,20.851,315.704,2,114.267,4,122.364,2,0.375,0.875,0.40625,0.5625,0.803,0.583,1.14692,0.96792,1,0.25,0.859,0.5,1.23324,1.01723,0,16,1,0.7179487179487181,0.1111111111111111,37.875,37.666666666666664,true,true,true
v934eafpmwgfzhkxmyy6e77c,254,1,259.746,67.422,114.429,60.026,97.866,57.605,1,70.034,5,39.41,4,0.875,0.875,0.5625,0.25,0.268,0.583,1.87756,0.83507,0,0.875,0.408,0.583,1.51639,0.49264,0,0,0,0.3846153846153846,0.2222222222222222,35.75,30.25,true,false,true
v9ae32mt20p5crmjeqt1la0q,255,0,235.763,97.539,112.124,29.877,44.102,52.572,3,46.643,3,22.548,3,0.875,0.875,0.71875,0.9375,0.507,0.833,2.12162,0.93828,0,0.5,0.38,0.5,1.76556,1.06379,1,0,3,0.5384615384615384,0.8888888888888888,43.583333333333336,34.416666666666664,true,true,true
vj6ckuuufqic9eenxrgvxpzr,256,1,162.916,31.317,69.776,106.83,72.253,39.594,2,28.086,4,20.858,1,0.375,0.25,0.40625,0.5,0.507,0.278,2.15185,1.29024,4,0.3125,0.268,0.639,1.74046,1.18787,0,0,1,0.5384615384615384,0.9722222222222222,34.5,36.416666666666664,true,true,true
vjg12ktrw7g1y85mcao1diia,257,1,52.165,22.149,69.916,51.615,68.772,23.679,0,26.46,1,16.108,0,1.0,1.0,1.0,1.0,0.493,0.778,2.98682,1.77959,0,1.0,0.437,0.861,2.04535,1.19914,1,4,0,0.4615384615384615,0.3888888888888889,44.583333333333336,26.416666666666668,false,true,true
vjm6oh1uhnb0b5iyrc0trc78,258,0,99.98,39.135,77.84,20.05,41.78,18.248,0,44.238,4,27.975,3,1.0,0.75,0.40625,0.5,0.408,0.556,2.11096,0.84352,1,0.3125,0.493,0.556,2.98172,1.49518,0,0,0,0.4615384615384615,0.36111111111111116,35.875,38.125,true,false,true
vnaagvjdoqjxfyhr9ja8wxuj,259,1,181.691,68.761,154.144,74.849,111.061,45.224,1,85.469,3,53.787,2,1.0,1.0,1.0,1.0,0.634,0.917,3.71893,1.57523,0,1.0,0.563,0.861,3.40001,2.11112,0,0,0,0.4615384615384615,0.3611111111111111,41.5,30.5,false,false,false
vqfrfhdoq1h49ddejofdpwy1,260,1,93.432,27.448,142.394,50.937,54.673,36.31,0,51.792,0,23.627,0,1.0,1.0,1.0,1.0,0.465,0.889,3.32339,2.01299,1,1.0,0.493,0.833,2.72638,1.46665,0,0,1,0.358974358974359,0.4444444444444444,44.5,26.5,false,false,false
w3yo5jgkha1bis8iq9udcctn,261,1,175.108,90.982,143.291,42.572,91.438,65.105,4,61.396,4,56.797,4,0.5,0.625,0.34375,0.125,0.507,0.778,3.60472,0.99239,1,0.5625,0.282,0.5,3.18382,1.51622,0,0,1,0.3846153846153846,0.47222222222222215,30.583333333333332,34.25,true,false,true
w7dlcqyy71craaiykyq5z3n2,262,0,108.937,44.894,147.636,42.798,68.129,76.804,0,88.581,2,17.223,0,1.0,1.0,1.0,1.0,0.451,0.889,3.34924,1.92325,1,1.0,0.465,0.944,4.32626,2.33892,0,0,0,0.2820512820512821,0.3888888888888889,44.375,26.625,false,false,false
wdjeeih222hp0a3hv152o3r4,263,0,213.088,127.034,202.822,57.927,145.605,66.853,0,113.805,3,44.087,3,1.0,1.0,0.625,0.5625,0.423,0.833,3.07161,1.19615,0,0.6875,0.423,0.861,3.56486,1.32196,0,0,0,0.4358974358974359,0.16666666666666666,37.5,33.5,true,false,true
wfeewjy0iwfan4t1d59wmdzb,264,0,60.621,43.815,82.835,13.031,33.608,40.536,1,36.919,2,19.81,2,0.875,1.0,1.0,1.0,0.493,0.778,1.63324,1.06357,0,1.0,0.465,0.833,2.05106,1.23165,0,0,0,0.4358974358974359,0.3055555555555556,44.75,28.25,false,false,false
ws7maganoflj3oughgx4xtc5,265,1,125.896,46.423,128.386,61.017,116.951,55.536,2,84.754,3,81.36,5,1.0,0.875,0.6875,0.625,0.451,0.694,4.67354,1.9214,0,0.75,0.451,0.861,3.48094,1.56906,0,0,0,0.4102564102564103,0.5,38.75,30.25,true,false,true
wuy9etij1hfs4dbpkmmih32c,266,1,185.477,43.903,136.117,109.091,109.637,53.198,2,50.783,0,43.203,0,1.0,1.0,0.96875,1.0,0.577,0.833,3.54479,1.70557,1,0.9375,0.592,0.806,3.05232,1.35508,0,1,0,0.4102564102564103,0.4166666666666667,44.875,27.125,false,true,true
x1qmqqe8fxevbkcoc1mwmlce,267,0,87.47,43.557,94.878,39.71,59.868,26.503,0,53.242,2,19.132,0,1.0,0.875,1.0,1.0,0.493,0.917,2.98676,1.52565,0,1.0,0.493,0.861,3.6819,1.76621,0,0,0,0.4615384615384615,0.3611111111111111,43.5,27.5,false,false,false
x5jnkqxqqlyq586waqx35xrt,268,1,85.994,105.559,135.47,68.37,139.251,23.936,0,45.654,0,45.7,1,1.0,1.0,1.0,1.0,0.549,0.833,4.26953,1.03638,0,1.0,0.549,0.861,3.25856,1.21241,0,1,1,0.4615384615384615,0.4444444444444445,44.875,26.125,false,true,true
x6dfvyjwsp5aw8r204wcdlij,269,1,248.245,76.296,158.672,79.065,150.776,51.017,1,76.467,4,54.266,3,0.875,0.875,0.53125,0.5625,0.366,0.5,3.96635,1.11114,1,0.5,0.437,0.583,5.37794,1.67841,1,0,0,0.3076923076923077,0.3611111111111111,34.708333333333336,35.291666666666664,true,false,true
x9fj5q6mvajdgdw5uxjwvgwk,270,0,823.926,132.894,315.773,47.555,32.166,59.783,4,60.589,4,18.374,4,0.875,1.0,0.5,0.5,0.324,0.639,1.79024,0.77753,0,0.5,0.324,0.472,1.92296,1.3297,2,2,0,0.3076923076923077,0.3055555555555556,38.333333333333336,33.5,true,true,true
xdlg2l0l592lufhcf5flc5c5,271,0,313.975,119.447,305.268,60.348,99.94,73.025,5,52.544,2,36.19,1,0.875,1.0,0.6875,0.875,0.62,0.861,3.0201,1.60402,0,0.5,0.62,0.472,3.46089,2.40944,1,0,0,0.4871794871794872,0.16666666666666666,40.25,34.625,true,false,true
xepu2xappdvko7653oaaz1y3,272,0,120.079,66.72,179.141,27.466,45.964,55.141,1,57.036,2,17.604,0,1.0,0.875,1.0,1.0,0.465,0.778,1.39681,0.69344,0,1.0,0.507,0.944,1.88671,1.28403,0,0,0,0.4615384615384615,0.16666666666666666,40.75,32.25,false,false,false
xjkft9u1jz06iqaqpuo3h5by,273,0,52.791,20.996,61.77,19.95,29.535,22.976,1,35.422,5,21.348,3,1.0,0.875,0.84375,0.875,0.493,0.694,1.87838,1.02311,0,0.8125,0.451,0.639,2.02708,1.72094,0,1,1,0.4102564102564103,0.5,39.375,31.625,false,true,true
xjtk57l7n3vwyvlh89orc19v,274,0,275.007,131.4,149.136,35.448,103.289,35.287,2,70.001,3,38.231,4,0.75,1.0,0.8125,1.0,0.479,0.889,2.39143,0.83609,0,0.625,0.549,0.528,2.07879,1.08871,0,0,0,0.35897435897435903,0.3611111111111111,42.25,33.25,true,false,true
xkipwfjn78ssq4we38ib6o8u,275,1,215.83,184.378,147.691,72.667,129.897,58.18,1,49.323,1,56.062,1,0.5,0.875,0.96875,1.0,0.423,0.806,3.42332,1.31839,0,0.9375,0.338,0.75,2.48289,1.13306,1,0,1,0.3846153846153846,0.3888888888888889,41.625,32.375,false,false,false
xnme2a5dcdb0axvvl295i0un,276,1,178.246,56.815,126.326,61.539,83.708,37.294,0,94.884,2,49.571,2,1.0,1.0,0.90625,0.8125,0.423,0.611,5.46448,2.11429,3,1.0,0.493,0.944,3.07408,1.35907,0,0,0,0.6410256410256411,0.3611111111111111,38.625,31.375,false,false,false
xo0wjqnshvflz81nnbssnufj,277,0,351.716,107.97,272.588,58.59,111.564,56.289,2,86.372,2,52.698,3,0.875,0.875,0.40625,0.3125,0.507,0.472,2.23826,1.53025,0,0.5,0.437,0.611,4.28329,2.84634,2,0,0,0.4102564102564103,0.5555555555555555,33.875,36.125,true,false,true
xqqo4mwldlyu2e06a2dfa9oe,278,1,276.072,119.678,234.731,88.592,91.979,51.854,0,58.508,2,42.532,3,0.875,1.0,0.59375,0.625,0.465,0.667,2.85649,1.16752,0,0.5625,0.493,0.472,2.41083,0.65802,0,7,1,0.35897435897435903,0.25,38.66666666666667,34.166666666666664,true,true,true
xr57mktd92mtptqwxpqj5qbz,279,0,273.022,83.676,200.43,28.832,62.148,37.76,1,69.418,4,50.297,2,1.0,1.0,0.875,1.0,0.479,0.861,4.05604,1.54727,0,0.75,0.451,0.75,4.95376,2.49536,2,0,1,0.3846153846153846,0.4166666666666667,43.833333333333336,30.0,false,false,false
xxc9t2m2xsjtdlcqbvrmxz8g,280,1,102.361,34.592,101.578,32.162,71.508,35.7,0,56.726,0,41.367,0,1.0,1.0,1.0,1.0,0.465,0.861,3.21426,1.37879,0,1.0,0.577,0.778,2.14438,1.24615,0,19,3,0.4871794871794872,0.027777777777777776,45.5,27.5,false,true,true
y0g6podwsa1jczotjmbgcqzw,281,0,513.086,273.35,419.783,123.891,151.228,405.649,1,196.722,5,103.853,2,1.0,1.0,0.9375,1.0,0.465,0.917,2.73828,1.16563,0,0.875,0.62,0.639,4.46592,1.58932,0,0,0,0.3333333333333333,0.3611111111111111,40.833333333333336,30.25,false,false,false
y7j2daxi4q3ag6u02x3soiqo,282,1,29.073,76.27,114.011,90.535,211.172,64.542,1,58.65,6,32.292,1,0.75,0.625,0.5,0.5,0.732,0.472,3.08154,1.94392,2,0.5,0.859,0.333,1.35866,1.35771,2,0,2,0.4102564102564103,0.3888888888888889,37.583333333333336,34.125,true,true,true
y7sn2jbwqbkrr03rr53p148f,283,1,271.621,179.714,222.309,108.116,197.991,108.661,1,178.914,6,61.548,4,0.875,1.0,0.34375,0.5,0.521,0.611,3.16346,1.35642,2,0.1875,0.38,0.5,2.87285,1.43991,0,0,1,0.4102564102564103,0.27777777777777773,34.0,40.25,true,false,true
yd8jpvmpew2nn55ti7jwlvma,284,0,177.527,116.059,123.939,28.461,31.616,33.083,0,55.346,2,24.78,1,1.0,1.0,0.9375,1.0,0.479,0.833,2.26556,1.08766,0,0.875,0.507,0.694,2.07423,1.14341,1,0,0,0.43589743589743596,0.19444444444444445,44.0,32.0,false,false,false
yh0gnjyldvdn2ahi4d8lfirf,285,0,93.31,80.994,133.901,45.357,33.336,27.258,0,67.834,4,27.908,2,1.0,1.0,0.96875,1.0,0.507,0.944,1.60629,0.66454,0,0.9375,0.479,0.861,1.80582,0.68075,0,0,1,0.4358974358974359,0.4166666666666667,45.583333333333336,27.416666666666668,false,false,false
yiia2k8sh07xdoqla0ayq5vz,286,0,69.372,46.353,94.629,30.042,51.029,24.364,0,52.702,2,21.753,2,1.0,1.0,0.96875,1.0,0.479,0.889,1.91188,0.67003,0,0.9375,0.451,0.833,2.31051,0.81585,0,0,0,0.2820512820512821,0.3333333333333333,43.25,30.5,false,false,false
yipq69hwf7dp87jmo0bb8734,287,0,332.706,102.84,244.425,40.649,140.832,50.67,2,68.005,2,56.909,3,1.0,0.875,0.4375,0.5,0.549,0.944,4.50294,1.48291,0,0.375,0.563,0.75,5.92334,1.80273,1,0,1,0.4358974358974359,0.25,37.833333333333336,36.166666666666664,true,false,true
ylub56z2smc7deh1i4loch2r,288,0,52.506,29.627,82.389,27.838,33.526,17.473,0,36.631,0,22.64,1,1.0,1.0,1.0,1.0,0.549,0.917,2.71592,1.58339,0,1.0,0.549,0.833,3.11243,1.69734,0,0,0,0.38461538461538464,0.5277777777777778,44.833333333333336,27.166666666666668,false,false,false
yqemqhflxhlqb9k6qz65i6xm,289,0,308.268,48.653,110.068,25.662,56.146,33.255,0,70.401,2,46.654,2,1.0,1.0,0.9375,0.875,0.479,0.833,2.02637,1.2059,0,1.0,0.521,0.833,2.66425,1.51966,1,0,0,0.4358974358974359,0.38888888888888884,41.333333333333336,27.625,false,false,false
ysd4i58t96dlaxxhzvaohjfc,290,1,77.909,36.727,108.633,43.913,76.635,13.016,0,62.358,3,49.109,3,1.0,1.0,0.5,0.5625,0.521,0.833,2.24285,0.79474,0,0.4375,0.479,0.917,2.10771,0.90278,0,1,0,0.3846153846153846,0.3055555555555555,38.5,35.5,true,true,true
yti6ppuxwyi9kwg4yuqcasr4,291,0,405.002,54.291,90.493,59.379,20.768,38.919,1,66.25,3,28.12,0,1.0,0.875,0.8125,0.75,0.563,0.694,1.55487,0.44891,1,0.875,0.479,0.833,2.75008,1.68665,1,0,0,0.4615384615384615,0.25,38.583333333333336,29.416666666666668,false,false,false
yu8wye9y1m378h0zpwofwjmz,292,0,248.156,134.343,106.545,30.849,71.749,103.902,5,64.644,5,38.914,4,1.0,1.0,0.5625,0.4375,0.465,0.889,2.43315,0.93403,0,0.6875,0.437,0.889,2.83272,0.99165,1,0,1,0.3333333333333333,0.36111111111111116,36.0,31.0,true,false,true
yzu8lq7hlx932uv7fqoy9i9y,293,1,298.569,86.093,301.35,84.821,29.625,136.396,4,58.05,4,41.417,1,0.625,0.75,0.46875,0.375,0.394,0.583,1.89204,0.499,0,0.5625,0.352,0.611,1.58166,0.44659,1,0,1,0.5384615384615384,0.13888888888888887,36.0,33.0,true,false,true
z10jt68cv7kjwfy6ym1wzypi,294,1,285.408,103.037,233.247,80.604,165.744,66.382,0,108.044,5,53.096,1,1.0,1.0,0.5,0.1875,0.465,0.833,4.13423,1.83584,1,0.8125,0.451,0.806,2.14865,0.69038,0,0,0,0.4102564102564103,0.22222222222222224,31.833333333333332,30.375,true,false,true
z1frr6a1k7yyndzsii8ube1s,295,0,220.252,59.67,141.227,42.373,114.374,42.756,1,62.162,4,52.999,2,1.0,1.0,0.75,1.0,0.521,0.889,2.69611,1.88307,0,0.5,0.535,0.528,4.35825,1.69253,1,0,0,0.358974358974359,0.3333333333333333,42.5,34.291666666666664,true,false,true
z2g2gx0r792njnmhfzv2g4pn,296,0,86.514,40.634,97.254,31.184,61.948,29.376,1,65.364,4,29.965,3,1.0,1.0,0.71875,0.5625,0.521,0.694,2.50214,0.71157,0,0.875,0.479,0.722,3.32762,1.4094,0,0,0,0.3333333333333333,0.3055555555555555,37.75,30.5,true,false,true
z95vkcy1kqmrt6vasmgukmex,297,1,99.722,44.08,82.536,45.976,94.253,39.514,2,39.125,2,47.336,3,1.0,0.875,0.59375,0.5625,0.465,0.833,3.49282,1.67832,0,0.625,0.577,0.667,2.30508,1.19548,1,0,0,0.5384615384615384,0.05555555555555555,37.25,34.75,true,false,true
z978dky3le9u4xiykpxrf4t4,298,0,445.947,57.925,126.88,36.437,33.389,60.956,2,68.381,2,21.266,1,1.0,1.0,0.71875,0.9375,0.521,0.833,2.14261,0.72161,0,0.5,0.465,0.806,2.82037,1.18375,1,1,0,0.4102564102564103,0.4444444444444445,39.0,35.0,true,true,true
z9cc25dgnxmsoe0plmpz0bt8,299,1,373.596,134.593,201.313,130.039,216.683,181.049,0,101.153,3,101.704,4,1.0,1.0,0.4375,0.4375,0.338,0.583,3.81739,2.31197,1,0.4375,0.465,0.806,2.48651,1.0796,0,0,1,0.35897435897435903,0.38888888888888884,37.25,37.25,true,false,true
zc83z99hz736633d24s9xzgu,300,0,44.028,137.423,10.197,3.366,5.619,11.138,3,28.3,5,15.369,2,1.0,1.0,0.96875,0.9375,0.535,0.75,1.9013,0.82659,1,1.0,0.465,0.833,2.77219,1.47954,3,0,2,0.5128205128205129,0.5277777777777778,41.0,28.0,false,true,true
zcny1ky55ffimhiq3sjmasaa,301,0,169.395,55.22,83.121,62.186,60.447,42.715,3,51.712,4,30.551,3,0.75,0.125,0.625,0.5625,0.282,0.444,1.45744,0.87321,0,0.6875,0.38,0.444,1.53983,0.85962,0,6,0,0.564102564102564,0.16666666666666666,38.0,35.0,true,true,true
zcsjb46uz7fj4ugg02ofjcqu,302,1,115.099,41.762,121.617,44.389,45.022,37.298,0,80.234,1,20.659,0,1.0,1.0,1.0,1.0,0.423,0.75,2.95211,1.27605,1,1.0,0.479,0.806,1.8011,0.67962,0,0,0,0.4102564102564103,0.13888888888888887,43.833333333333336,27.166666666666668,false,false,false
zimfgzhlrj2780vf465js8v4,303,1,65.67,30.663,76.727,40.31,68.781,24.399,0,37.582,0,21.158,0,1.0,1.0,1.0,1.0,0.394,0.972,2.52358,1.42127,0,1.0,0.479,0.944,2.0745,1.25307,0,0,0,0.3333333333333333,0.3333333333333333,42.0,29.0,false,false,false
zlztq7km0rm3lungfov7gt16,304,1,294.325,34.127,443.302,332.146,499.516,30.598,3,269.284,5,141.923,4,0.875,1.0,0.375,0.375,0.408,0.75,2.56913,1.48084,3,0.375,0.549,0.833,1.83469,1.50844,1,0,0,0.3333333333333333,0.5833333333333334,34.583333333333336,35.75,true,false,true
zrj9wnlzugo2jaswtpey1df5,305,1,54.492,23.213,56.531,23.343,49.696,17.166,1,31.159,3,32.379,3,1.0,0.75,0.78125,0.6875,0.563,0.639,2.28501,1.0433,0,0.875,0.535,0.639,2.09986,1.00431,1,0,0,0.4871794871794872,0.36111111111111116,37.5,30.5,true,false,true
zv5equd8js3y0qhp54zybi3p,306,1,54.595,24.164,73.181,32.423,32.946,27.432,1,32.514,1,21.175,0,1.0,1.0,0.96875,1.0,0.465,0.861,2.70104,1.58849,0,0.9375,0.549,0.889,2.31506,1.2848,0,0,0,0.5384615384615384,0.47222222222222215,44.5,27.5,false,false,false
zzsqhwolpmuoxr2j688amcj3,307,1,509.821,91.116,126.792,98.156,135.023,57.515,1,68.639,2,74.162,1,1.0,1.0,0.625,0.9375,0.465,0.806,2.48152,0.8606,1,0.3125,0.507,0.444,2.47569,1.58392,0,0,0,0.4615384615384615,0.24999999999999997,40.0,37.375,true,false,true
